date,code,volume,pctChg,close,high,amount,turn
2017-06-01,sh.600196,11926980,1.578283,32.1800,32.3700,381962528.0000,0.624785
2017-06-02,sh.600196,8725356,-0.901184,31.8900,32.3800,279623552.0000,0.457071
2017-06-05,sh.600196,9190114,-1.379739,31.4500,31.9900,288912096.0000,0.481417
2017-06-06,sh.600196,6978683,1.685211,31.9800,32.1400,221674741.0000,0.365573
2017-06-07,sh.600196,13157734,2.001249,32.6200,32.9500,429622064.0000,0.689257
2017-06-08,sh.600196,11814884,2.053961,33.2900,33.5600,392341072.0000,0.618913
2017-06-09,sh.600196,9331948,-0.690897,33.0600,33.8300,309936096.0000,0.488846
2017-06-12,sh.600196,11347580,0.241978,33.1400,33.8200,378438640.0000,0.594434
2017-06-13,sh.600196,9343245,0.784557,33.4000,33.4100,309472864.0000,0.489438
2017-06-14,sh.600196,17624048,-2.964077,32.4100,33.4500,574155488.0000,0.923221
2017-06-15,sh.600196,16404016,-1.110770,32.0500,32.4700,523411888.0000,0.859311
2017-06-16,sh.600196,11070119,-0.093600,32.0200,32.3900,354586816.0000,0.579899
2017-06-19,sh.600196,8428454,0.499687,32.1800,32.2500,269920848.0000,0.441518
2017-06-20,sh.600196,10604496,-0.870108,31.9000,32.2800,338980704.0000,0.555508
2017-06-21,sh.600196,15482735,2.821316,32.8000,32.8400,497180752.0000,0.811050
2017-06-22,sh.600196,51451023,-8.018291,30.1700,32.7700,1592503344.0000,2.695220
2017-06-23,sh.600196,40672513,3.347697,31.1800,31.3600,1253590352.0000,2.130596
2017-06-26,sh.600196,24087305,1.218727,31.5600,31.6500,752044224.0000,1.261794
2017-06-27,sh.600196,14640949,-0.982254,31.2500,31.6300,457664768.0000,0.766954
2017-06-28,sh.600196,10467334,-1.440002,30.8000,31.4500,324577952.0000,0.548323
2017-06-29,sh.600196,11647746,-0.259740,30.7200,30.9800,356733328.0000,0.610158
2017-06-30,sh.600196,14712612,0.878908,30.9900,31.1800,453697312.0000,0.770708
2017-07-03,sh.600196,14101962,1.000321,31.3000,31.6500,442813472.0000,0.738720
2017-07-04,sh.600196,14023102,-0.127792,31.2600,31.4100,434953792.0000,0.734589
2017-07-05,sh.600196,8609442,0.255918,31.3400,31.6200,270698880.0000,0.450999
2017-07-06,sh.600196,55380864,-3.669431,30.1900,31.4000,1642561280.0000,2.901081
2017-07-07,sh.600196,22597122,-1.026835,29.8800,30.1600,673935984.0000,1.183732
2017-07-10,sh.600196,24960344,-3.078983,28.9600,29.7500,724629440.0000,1.307527
2017-07-11,sh.600196,17731555,1.830113,29.4900,29.7300,520737856.0000,0.928853
2017-07-12,sh.600196,14260848,-0.847745,29.2400,29.6100,417444576.0000,0.747043
2017-07-13,sh.600196,18110194,1.607385,29.7100,30.2300,541708384.0000,0.948688
2017-07-14,sh.600196,12769486,0.908787,29.9800,30.5500,385955600.0000,0.668919
2017-07-17,sh.600196,13432924,-0.233488,29.9100,30.2400,400233376.0000,0.703673
2017-07-18,sh.600196,29608809,-4.012039,28.7100,29.6500,845387136.0000,1.551033
2017-07-19,sh.600196,15279154,0.383144,28.8200,28.9500,438024272.0000,0.800386
2017-07-20,sh.600196,17465142,-1.006242,28.5300,28.9800,499423536.0000,0.914897
2017-07-21,sh.600196,9933022,0.280406,28.6100,28.8800,284547120.0000,0.520333
2017-07-24,sh.600196,16568371,1.887449,29.1500,29.6800,486254384.0000,0.867921
2017-07-25,sh.600196,15581485,1.475130,29.5800,29.9200,461179024.0000,0.816223
2017-07-26,sh.600196,10125640,-1.757946,29.0600,29.8700,295570320.0000,0.530423
2017-07-27,sh.600196,9017839,-0.963520,28.7800,29.2000,258093492.0000,0.472392
2017-07-28,sh.600196,6016328,0.138982,28.8200,28.9000,172943565.0000,0.315160
2017-07-31,sh.600196,13228301,1.145038,29.1500,29.4400,385926448.0000,0.692954
2017-08-01,sh.600196,9009673,-1.132075,28.8200,29.2200,259823580.0000,0.471964
2017-08-02,sh.600196,8524114,-0.451073,28.6900,29.1800,245579545.0000,0.446529
2017-08-03,sh.600196,9706690,-1.324507,28.3100,28.7000,275819280.0000,0.508477
2017-08-04,sh.600196,7282908,0.317909,28.4000,28.5300,206343478.0000,0.381509
2017-08-07,sh.600196,6597039,0.633804,28.5800,28.6500,187386884.0000,0.345580
2017-08-08,sh.600196,8873359,1.434569,28.9900,29.1000,255931139.0000,0.464824
2017-08-09,sh.600196,16155949,3.666205,29.6900,29.8700,475476704.0000,0.846316
2017-08-10,sh.600196,8605096,-0.606266,29.5100,29.8600,253918321.0000,0.450771
2017-08-11,sh.600196,8539582,-1.762116,28.9900,29.5100,249724264.0000,0.447339
2017-08-14,sh.600196,11744186,2.000690,29.5700,30.1000,348187360.0000,0.615210
2017-08-15,sh.600196,4229781,0.101457,29.6000,29.7600,124984317.0000,0.221574
2017-08-16,sh.600196,4891060,0.236485,29.6700,29.8800,144881911.0000,0.256214
2017-08-17,sh.600196,4959048,-0.303337,29.5800,29.8900,147049597.0000,0.259776
2017-08-18,sh.600196,9218805,1.487493,30.0200,30.0600,275066000.0000,0.482920
2017-08-21,sh.600196,8869091,0.899402,30.2900,30.3800,267957516.0000,0.464600
2017-08-22,sh.600196,9496564,1.551665,30.7600,30.8500,290218480.0000,0.497470
2017-08-23,sh.600196,7847484,0.357609,30.8700,30.9500,241457449.0000,0.411084
2017-08-24,sh.600196,5780330,-2.105609,30.2200,30.9300,175625098.0000,0.302798
2017-08-25,sh.600196,6317924,-0.264725,30.1400,30.4600,190295844.0000,0.330959
2017-08-28,sh.600196,20124060,-2.090243,29.5100,30.3000,596672256.0000,1.054182
2017-08-29,sh.600196,11929656,2.134867,30.1400,30.1700,356343520.0000,0.624925
2017-08-30,sh.600196,15816517,-2.488388,29.3900,29.7800,465686496.0000,0.828535
2017-08-31,sh.600196,20218411,-0.442325,29.2600,30.0900,592341328.0000,1.059125
2017-09-01,sh.600196,15439644,0.512644,29.4100,29.5600,452878064.0000,0.808793
2017-09-04,sh.600196,15006106,-0.544032,29.2500,29.5000,437318400.0000,0.786083
2017-09-05,sh.600196,12384805,1.401709,29.6600,29.7500,364318000.0000,0.648768
2017-09-06,sh.600196,13178736,0.000000,29.6600,29.8700,391491168.0000,0.690357
2017-09-07,sh.600196,18667836,2.393800,30.3700,30.6700,565325968.0000,0.977899
2017-09-08,sh.600196,8960208,0.164634,30.4200,30.7900,272457424.0000,0.469373
2017-09-11,sh.600196,21097405,-3.024326,29.5000,30.5300,627391200.0000,1.105170
2017-09-12,sh.600196,13255903,-0.881357,29.2400,29.5200,387288081.0000,0.694400
2017-09-13,sh.600196,5044288,-0.102601,29.2100,29.3800,147617477.0000,0.264241
2017-09-14,sh.600196,16082036,2.054092,29.8100,30.0800,478503238.0000,0.842444
2017-09-15,sh.600196,25923448,3.924858,30.9800,31.2500,794470533.0000,1.357979
2017-09-18,sh.600196,28345202,0.613301,31.1700,32.3000,900045083.0000,1.484840
2017-09-19,sh.600196,14113687,0.032083,31.1800,32.1000,444670764.0000,0.739334
2017-09-20,sh.600196,27909788,5.067344,32.7600,33.1600,908019959.0000,1.462031
2017-09-21,sh.600196,16617629,0.030532,32.7700,33.1000,542716678.0000,0.870501
2017-09-22,sh.600196,18074516,1.159600,33.1500,33.5200,598806838.0000,0.946819
2017-09-25,sh.600196,15720379,2.413271,33.9500,34.1600,529751948.0000,0.823499
2017-09-26,sh.600196,12980880,-2.768785,33.0100,33.8000,431828142.0000,0.679993
2017-09-27,sh.600196,9293291,-0.151467,32.9600,33.1900,306355591.0000,0.486821
2017-09-28,sh.600196,15222211,3.125008,33.9900,34.3500,514880892.0000,0.797403
2017-09-29,sh.600196,12806560,0.588399,34.1900,34.5500,436892373.0000,0.670861
2017-10-09,sh.600196,30033382,2.018141,34.8800,36.2800,1072964075.0000,1.573274
2017-10-10,sh.600196,39219745,-0.602073,34.6700,35.8400,1338405780.0000,2.054494
2017-10-11,sh.600196,27121701,3.345843,35.8300,36.4600,968357538.0000,1.420748
2017-10-12,sh.600196,18743683,2.428130,36.7000,37.0000,682708237.0000,0.981872
2017-10-13,sh.600196,13277303,-0.081751,36.6700,37.2500,490115715.0000,0.695521
2017-10-16,sh.600196,13943747,2.345243,37.5300,37.9500,522091396.0000,0.730432
2017-10-17,sh.600196,10585671,0.266460,37.6300,37.8000,395559069.0000,0.554522
2017-10-18,sh.600196,9953540,-0.903535,37.2900,37.6000,369609886.0000,0.521408
2017-10-19,sh.600196,22636979,5.819250,39.4600,39.8000,881010453.0000,1.185820
2017-10-20,sh.600196,12060142,-0.025338,39.4500,40.0100,472646292.0000,0.631761
2017-10-23,sh.600196,10704479,-0.025354,39.4400,39.9400,420138311.0000,0.560745
2017-10-24,sh.600196,14338762,1.191687,39.9100,40.7000,575016802.0000,0.751124
2017-10-25,sh.600196,18215648,4.610374,41.7500,41.9500,751167813.0000,0.954212
2017-10-26,sh.600196,20195021,-1.844312,40.9800,42.2900,833819932.0000,1.057900
2017-10-27,sh.600196,14518373,1.244515,41.4900,41.5500,590289807.0000,0.760533
2017-10-30,sh.600196,20102542,-3.157391,40.1800,41.6800,809985982.0000,1.053055
2017-10-31,sh.600196,23696890,-0.846193,39.8400,40.1200,934392860.0000,1.241342
2017-11-01,sh.600196,18328456,0.376510,39.9900,41.3000,741889537.0000,0.960121
2017-11-02,sh.600196,15254219,2.000498,40.7900,41.2100,619934920.0000,0.799080
2017-11-03,sh.600196,28968648,5.417992,43.0000,43.2000,1220370648.0000,1.517499
2017-11-06,sh.600196,28733389,4.116280,44.7700,45.1800,1269902319.0000,1.505175
2017-11-07,sh.600196,28391806,-3.171771,43.3500,45.5000,1248439084.0000,1.487281
2017-11-08,sh.600196,24536892,-1.222604,42.8200,44.4400,1061444906.0000,1.285345
2017-11-09,sh.600196,21870558,2.545540,43.9100,44.0800,943550522.0000,1.145671
2017-11-10,sh.600196,21367729,-0.227735,43.8100,44.3700,931568127.0000,1.119331
2017-11-13,sh.600196,28537807,-2.647797,42.6500,44.0400,1225939960.0000,1.494930
2017-11-14,sh.600196,34757422,-5.041035,40.5000,43.1900,1440922687.0000,1.820739
2017-11-15,sh.600196,27581409,1.481478,41.1000,41.3600,1123429673.0000,1.444829
2017-11-16,sh.600196,18401223,2.068132,41.9500,42.0000,764121442.0000,0.963933
2017-11-17,sh.600196,14907298,-1.811686,41.1900,42.2800,617060131.0000,0.780907
2017-11-20,sh.600196,16945769,2.403500,42.1800,42.2000,701989184.0000,0.887690
2017-11-21,sh.600196,23324709,-0.568994,41.9400,43.6600,991635655.0000,1.221846
2017-11-22,sh.600196,21076016,-3.099664,40.6400,42.6600,876240660.0000,1.104050
2017-11-23,sh.600196,26338003,-5.634845,38.3500,40.5800,1025814737.0000,1.379695
2017-11-24,sh.600196,11464910,0.156457,38.4100,38.9100,441233382.0000,0.600580
2017-11-27,sh.600196,16100757,-2.785732,37.3400,38.4100,604414443.0000,0.843425
2017-11-28,sh.600196,15938851,1.981794,38.0800,38.2700,602476127.0000,0.834944
2017-11-29,sh.600196,13043745,-0.866601,37.7500,38.6000,496345653.0000,0.683145
2017-11-30,sh.600196,11165827,-2.887418,36.6600,38.0100,416687740.0000,0.584792
2017-12-01,sh.600196,18750052,4.337152,38.2500,38.5500,710939426.0000,0.982004
2017-12-04,sh.600196,21012478,3.503268,39.5900,40.3000,830851135.0000,1.100495
2017-12-05,sh.600196,13781977,-2.172267,38.7300,39.9300,537812411.0000,0.721809
2017-12-06,sh.600196,14190755,0.051641,38.7500,39.7300,549524303.0000,0.743218
2017-12-07,sh.600196,16403483,2.038712,39.5400,39.7500,646413162.0000,0.859106
2017-12-08,sh.600196,22943608,3.920079,41.0900,41.1700,921549994.0000,1.201635
2017-12-11,sh.600196,30721457,4.672665,43.0100,43.4700,1313730450.0000,1.608987
2017-12-12,sh.600196,20785172,-0.302249,42.8800,44.0700,900937058.0000,1.088590
2017-12-13,sh.600196,17616657,1.282647,43.4300,44.0300,763180498.0000,0.922644
2017-12-14,sh.600196,24079762,1.611791,44.1300,44.9600,1063034675.0000,1.261139
2017-12-15,sh.600196,22549941,-2.583275,42.9900,44.9500,986252824.0000,1.181017
2017-12-18,sh.600196,16252827,0.000000,42.9900,44.0500,698389768.0000,0.851216
2017-12-19,sh.600196,25281546,3.814839,44.6300,44.6800,1101847768.0000,1.324081
2017-12-20,sh.600196,19896277,-1.837328,43.8100,44.7900,878394468.0000,1.042036
2017-12-21,sh.600196,39334166,7.053185,46.9000,46.9500,1798607758.0000,2.060064
2017-12-22,sh.600196,21736920,-0.426441,46.7000,47.5400,1018169502.0000,1.138437
2017-12-25,sh.600196,21402760,-0.021418,46.6900,47.5800,1001157941.0000,1.120935
2017-12-26,sh.600196,46976426,-3.919465,44.8600,46.8500,2101303546.0000,2.460315
2017-12-27,sh.600196,20442715,-2.697278,43.6500,44.5500,898870014.0000,1.070655
2017-12-28,sh.600196,26659660,3.001140,44.9600,45.5000,1188403797.0000,1.396257
2017-12-29,sh.600196,15984960,-1.023130,44.5000,45.6700,716641733.0000,0.837187
2018-01-02,sh.600196,24238073,-1.707861,43.7400,45.1700,1065077737.0000,1.269430
2018-01-03,sh.600196,25913561,0.548692,43.9800,44.8700,1145969137.0000,1.357181
2018-01-04,sh.600196,20310788,2.046388,44.8800,44.9700,903422205.0000,1.063745
2018-01-05,sh.600196,32982510,-4.434050,42.8900,45.1000,1429880078.0000,1.727406
2018-01-08,sh.600196,21239568,0.256472,43.0000,43.0700,902541528.0000,1.112388
2018-01-09,sh.600196,27349103,3.069767,44.3200,44.3600,1198326884.0000,1.432366
2018-01-10,sh.600196,16490868,-1.331228,43.7300,44.6000,720835250.0000,0.863683
2018-01-11,sh.600196,12231884,0.205809,43.8200,44.2400,536383672.0000,0.640625
2018-01-12,sh.600196,29817556,3.742582,45.4600,45.5400,1337897650.0000,1.561647
2018-01-15,sh.600196,31898399,-1.143864,44.9400,46.2900,1449748379.0000,1.670628
2018-01-16,sh.600196,31423224,2.647981,46.1300,47.0500,1447285648.0000,1.645741
2018-01-17,sh.600196,21391364,-2.644702,44.9100,46.4000,967447121.0000,1.120339
2018-01-18,sh.600196,20698893,-2.605206,43.7400,45.8200,921059422.0000,1.084071
2018-01-19,sh.600196,17128421,-0.868772,43.3600,44.1300,741628713.0000,0.897074
2018-01-22,sh.600196,16763674,2.675277,44.5200,44.5400,737286123.0000,0.877971
2018-01-23,sh.600196,15907629,-0.831085,44.1500,44.7700,702469256.0000,0.833137
2018-01-24,sh.600196,22171031,1.381646,44.7600,45.0500,988260626.0000,1.161172
2018-01-25,sh.600196,21556308,-3.127788,43.3600,44.7400,941387366.0000,1.128977
2018-01-26,sh.600196,15078589,-0.668821,43.0700,43.5100,649966202.0000,0.789717
2018-01-29,sh.600196,36504723,-6.710006,40.1800,43.3300,1501811553.0000,1.911877
2018-01-30,sh.600196,16585126,0.024884,40.1900,40.6400,667347499.0000,0.868620
2018-01-31,sh.600196,17106971,0.995276,40.5900,40.9000,686625755.0000,0.895950
2018-02-01,sh.600196,14751192,-2.956395,39.3900,40.8800,586836361.0000,0.772570
2018-02-02,sh.600196,17027152,3.173394,40.6400,41.1600,686557813.0000,0.891770
2018-02-05,sh.600196,14421615,-1.131888,40.1800,41.0900,581450668.0000,0.755309
2018-02-06,sh.600196,23412576,-5.500247,37.9700,39.6000,898169620.0000,1.226196
2018-02-07,sh.600196,24643882,-3.213066,36.7500,39.1200,927021768.0000,1.290684
2018-02-08,sh.600196,12429511,1.714289,37.3800,37.7700,464312105.0000,0.650976
2018-02-09,sh.600196,22002004,-6.714826,34.8700,36.3700,781882247.0000,1.152320
2018-02-12,sh.600196,21269408,7.370231,37.4400,37.5000,779445588.0000,1.113951
2018-02-13,sh.600196,16970197,2.590815,38.4100,39.3600,656686965.0000,0.888787
2018-02-14,sh.600196,14708073,3.905233,39.9100,40.0900,582981001.0000,0.770312
2018-02-22,sh.600196,11850280,1.152591,40.3700,41.0000,479978288.0000,0.620640
2018-02-23,sh.600196,7933033,-0.520186,40.1600,40.7500,319720356.0000,0.415480
2018-02-26,sh.600196,16018907,1.992030,40.9600,40.9800,648202514.0000,0.838965
2018-02-27,sh.600196,15719017,-3.784178,39.4100,41.0900,629269904.0000,0.823258
2018-02-28,sh.600196,10745888,1.243343,39.9000,40.1400,426646794.0000,0.562799
2018-03-01,sh.600196,18008893,3.859642,41.4400,41.6000,739217838.0000,0.943187
2018-03-02,sh.600196,17173532,-2.968146,40.2100,41.3700,696091226.0000,0.899436
2018-03-05,sh.600196,12101117,-0.671476,39.9400,40.6600,480223782.0000,0.633777
2018-03-06,sh.600196,25927804,5.207817,42.0200,42.1000,1067279301.0000,1.357927
2018-03-07,sh.600196,15555943,-2.165635,41.1100,42.0600,644812714.0000,0.814718
2018-03-08,sh.600196,27264133,4.743373,43.0600,43.2900,1164810333.0000,1.427915
2018-03-09,sh.600196,20898906,0.859264,43.4300,43.4700,902514792.0000,1.094547
2018-03-12,sh.600196,25925656,0.967069,43.8500,44.7400,1139587591.0000,1.357815
2018-03-13,sh.600196,18045396,-2.143669,42.9100,43.7700,775442016.0000,0.945099
2018-03-14,sh.600196,14055292,0.186441,42.9900,43.5600,604206889.0000,0.736123
2018-03-15,sh.600196,19954000,1.116538,43.4700,44.0200,866687193.0000,1.045059
2018-03-16,sh.600196,14375908,-1.978377,42.6100,43.8500,620902856.0000,0.752915
2018-03-19,sh.600196,35231941,4.576392,44.5600,44.6400,1547781566.0000,1.845217
2018-03-20,sh.600196,42772815,5.453322,46.9900,47.0100,1954915414.0000,2.240158
2018-03-21,sh.600196,28346210,-2.000431,46.0500,47.3800,1317502675.0000,1.484588
2018-03-22,sh.600196,25257509,-2.736153,44.7900,46.3500,1138462175.0000,1.322822
2018-03-23,sh.600196,36326042,-0.446530,44.5900,44.6500,1584098745.0000,1.902518
2018-03-26,sh.600196,39848554,4.193763,46.4600,47.0500,1824637390.0000,2.087004
2018-03-27,sh.600196,50119711,-1.678861,45.6800,47.5800,2305242863.0000,2.624331
2018-03-28,sh.600196,29965184,-5.779333,43.0400,45.9600,1324611317.0000,1.569015
2018-03-29,sh.600196,34087446,-2.323420,42.0400,43.5400,1429226922.0000,1.784861
2018-03-30,sh.600196,30738162,5.827785,44.4900,44.6400,1344140811.0000,1.609489
2018-04-02,sh.600196,25585486,-0.292203,44.3600,45.8500,1143355356.0000,1.339688
2018-04-03,sh.600196,17270979,0.879169,44.7500,44.7800,758920375.0000,0.904330
2018-04-04,sh.600196,25371877,0.379884,44.9200,46.2800,1151001605.0000,1.328503
2018-04-09,sh.600196,14446218,-1.580586,44.2100,45.5000,644127234.0000,0.756422
2018-04-10,sh.600196,14813181,1.967887,45.0800,45.1500,658656560.0000,0.775637
2018-04-11,sh.600196,53698986,-5.013314,42.8200,44.9000,2316733792.0000,2.811746
2018-04-12,sh.600196,20072944,0.280240,42.9400,43.3100,863725670.0000,1.051045
2018-04-13,sh.600196,64520451,-4.983697,40.8000,43.3500,2626106800.0000,3.378372
2018-04-16,sh.600196,30304846,-1.421564,40.2200,41.0200,1217172047.0000,1.586800
2018-04-17,sh.600196,30160084,-4.699153,38.3300,40.4800,1175711538.0000,1.579220
2018-04-18,sh.600196,36370605,-1.617539,37.7100,38.7500,1367017119.0000,1.904411
2018-04-19,sh.600196,32449897,2.545741,38.6700,39.2400,1253968313.0000,1.699117
2018-04-20,sh.600196,26566062,0.000000,38.6700,39.4500,1025935370.0000,1.391032
2018-04-23,sh.600196,15350003,1.034397,39.0700,39.1700,595124072.0000,0.803745
2018-04-24,sh.600196,20375188,0.870233,39.4100,39.8200,804384251.0000,1.066870
2018-04-25,sh.600196,27978087,-1.167214,38.9500,39.3900,1083402815.0000,1.464968
2018-04-26,sh.600196,27406953,-3.568676,37.5600,38.8000,1035704685.0000,1.435062
2018-04-27,sh.600196,29198809,2.396160,38.4600,39.1600,1117438958.0000,1.528886
2018-05-02,sh.600196,36405205,4.914195,40.3500,40.3500,1448772671.0000,1.906222
2018-05-03,sh.600196,19827625,0.123923,40.4000,40.7200,799434229.0000,1.038199
2018-05-04,sh.600196,22807213,3.143556,41.6700,41.9000,943908946.0000,1.194214
2018-05-07,sh.600196,23582964,0.095995,41.7100,41.9800,979446302.0000,1.234834
2018-05-08,sh.600196,17914374,-0.527445,41.4900,42.0900,743524284.0000,0.938019
2018-05-09,sh.600196,25382878,3.012774,42.7400,42.9500,1076041207.0000,1.329079
2018-05-10,sh.600196,25197107,1.427227,43.3500,43.8800,1086715517.0000,1.319352
2018-05-11,sh.600196,27858956,-3.575546,41.8000,44.1000,1187327764.0000,1.458730
2018-05-14,sh.600196,18319925,0.765549,42.1200,42.6700,769382787.0000,0.959254
2018-05-15,sh.600196,25290640,3.442547,43.5700,43.9500,1097821750.0000,1.324250
2018-05-16,sh.600196,29445133,0.918066,43.9700,44.8700,1306451889.0000,1.541784
2018-05-17,sh.600196,15910896,-2.638162,42.8100,43.9600,685998797.0000,0.833114
2018-05-18,sh.600196,14776007,0.327025,42.9500,43.1800,629024157.0000,0.773690
2018-05-21,sh.600196,18191855,1.490103,43.5900,43.6200,779677503.0000,0.952548
2018-05-22,sh.600196,21333751,1.422342,44.2100,44.6500,944008591.0000,1.117062
2018-05-23,sh.600196,19423157,-0.384524,44.0400,44.8900,863966429.0000,1.017021
2018-05-24,sh.600196,15219170,0.272477,44.1600,44.8000,675578620.0000,0.796895
2018-05-25,sh.600196,40741039,6.023551,46.8200,47.2300,1875580711.0000,2.133252
2018-05-28,sh.600196,34080989,2.285347,47.8900,48.2800,1603372963.0000,1.784523
2018-05-29,sh.600196,35058394,-5.909372,45.0600,47.8500,1630335427.0000,1.835702
2018-05-30,sh.600196,26071524,-1.486911,44.3900,45.2800,1155247008.0000,1.365138
2018-05-31,sh.600196,20115003,4.280247,46.2900,46.3200,915204474.0000,1.053247
2018-06-01,sh.600196,24052733,-6.113636,43.4600,46.1200,1068715554.0000,1.259431
2018-06-04,sh.600196,14823855,0.805343,43.8100,44.1800,645059307.0000,0.776196
2018-06-05,sh.600196,23512901,3.857563,45.5000,46.3200,1070376347.0000,1.231165
2018-06-06,sh.600196,19280538,0.549451,45.7500,46.1000,880501102.0000,1.009553
2018-06-07,sh.600196,18706200,-2.885245,44.4300,45.9500,838975419.0000,0.979480
2018-06-08,sh.600196,11893444,0.022504,44.4400,45.2200,530172910.0000,0.622756
2018-06-11,sh.600196,23489517,-3.487847,42.8900,44.6400,1008384393.0000,1.229941
2018-06-12,sh.600196,22529741,3.870366,44.5500,44.5800,987453031.0000,1.179686
2018-06-13,sh.600196,16036582,-2.312006,43.5200,44.5000,703849985.0000,0.839696
2018-06-14,sh.600196,11269623,-0.022983,43.5100,44.3000,490878665.0000,0.590092
2018-06-15,sh.600196,12777268,-0.758442,43.1800,43.5500,548116575.0000,0.669034
2018-06-19,sh.600196,31254790,0.231585,43.2800,43.4700,1341234426.0000,1.636540
2018-06-20,sh.600196,22369644,-0.716261,42.9700,43.1600,948946216.0000,1.171303
2018-06-21,sh.600196,19941735,-0.395630,42.8000,44.1000,864548816.0000,1.044174
2018-06-22,sh.600196,17904643,2.546729,43.8900,44.0300,776096418.0000,0.937510
2018-06-25,sh.600196,14654566,0.843014,44.2600,44.9800,650132382.0000,0.767331
2018-06-26,sh.600196,17790556,-1.739712,43.4900,43.9000,764735991.0000,0.931536
2018-06-27,sh.600196,27659808,-5.794436,40.9700,43.4700,1146838588.0000,1.448302
2018-06-28,sh.600196,17368808,-3.441542,39.5600,40.6500,693085368.0000,0.909453
2018-06-29,sh.600196,17088357,4.625880,41.3900,41.6900,695419664.0000,0.894768
2018-07-02,sh.600196,14550257,-2.101954,40.5200,42.1300,600080299.0000,0.761870
2018-07-03,sh.600196,28214072,-3.084896,39.2700,40.6800,1096681595.0000,1.477324
2018-07-04,sh.600196,13817805,-0.738479,38.9800,40.0000,544684652.0000,0.723518
2018-07-05,sh.600196,17326975,1.051821,39.3900,39.7000,675707746.0000,0.907262
2018-07-06,sh.600196,16101729,1.167807,39.8500,40.6800,639969469.0000,0.843107
2018-07-09,sh.600196,13089069,2.986204,41.0400,41.2000,533624014.0000,0.685360
2018-07-10,sh.600196,10205259,0.000000,41.0400,41.2500,416889873.0000,0.534360
2018-07-11,sh.600196,10067792,-1.803123,40.3000,41.0000,404972372.0000,0.527162
2018-07-12,sh.600196,25615635,0.694796,40.5800,41.3300,1036113121.0000,1.341267
2018-07-13,sh.600196,29960226,3.696402,42.0800,42.6000,1244518735.0000,1.568755
2018-07-16,sh.600196,15446780,-0.546586,41.8500,42.0500,643465186.0000,0.808813
2018-07-17,sh.600196,14007081,-1.696533,41.1400,41.8500,574470928.0000,0.733428
2018-07-18,sh.600196,16570167,0.826447,41.4800,42.3500,694751207.0000,0.867635
2018-07-19,sh.600196,26240367,-3.712635,39.9400,40.7000,1047790925.0000,1.373979
2018-07-20,sh.600196,18413481,-0.525786,39.7300,39.9000,727487331.0000,0.964153
2018-07-23,sh.600196,40474745,-4.606086,37.9000,38.5500,1530213967.0000,2.119308
2018-07-24,sh.600196,31239849,2.744056,38.9400,39.4500,1208780809.0000,1.635758
2018-07-25,sh.600196,12775056,0.154087,39.0000,39.3500,498492714.0000,0.668918
2018-07-26,sh.600196,15460324,-2.128210,38.1700,39.3200,595013635.0000,0.809522
2018-07-27,sh.600196,10360331,0.157195,38.2300,38.4700,395377171.0000,0.542480
2018-07-30,sh.600196,25198141,-3.662040,36.8300,38.1900,931357261.0000,1.319406
2018-07-31,sh.600196,9019700,0.461575,37.0000,37.3100,333991611.0000,0.472283
2018-08-01,sh.600196,12060819,-2.000005,36.2600,37.2900,442523968.0000,0.631520
2018-08-02,sh.600196,17070317,-1.323772,35.7800,36.3500,606674938.0000,0.893823
2018-08-03,sh.600196,30093859,-5.536731,33.4400,35.6400,1016670994.0000,1.575752
2018-08-06,sh.600196,23903581,-2.631571,32.5600,33.6900,782753562.0000,1.251622
2018-08-07,sh.600196,19707227,2.272721,33.3000,33.3300,645623120.0000,1.031895
2018-08-08,sh.600196,12979274,-3.723717,32.0600,33.2500,423593648.0000,0.679611
2018-08-09,sh.600196,22175511,4.741112,33.5800,33.9500,738871630.0000,1.161138
2018-08-10,sh.600196,18615367,1.965455,34.2400,34.8400,638522238.0000,0.974724
2018-08-13,sh.600196,11381609,1.460280,34.7400,34.9400,390333400.0000,0.595955
2018-08-14,sh.600196,10522613,-1.036271,34.3800,34.8300,360356626.0000,0.550977
2018-08-15,sh.600196,20667873,-4.799306,32.7300,34.2900,683747040.0000,1.082196
2018-08-16,sh.600196,13364177,0.397192,32.8600,33.5500,442101940.0000,0.699765
2018-08-17,sh.600196,43135444,-6.725505,30.6500,33.4300,1341741667.0000,2.258626
2018-08-20,sh.600196,16710038,-0.554650,30.4800,31.0900,506928630.0000,0.874959
2018-08-21,sh.600196,17757751,3.248031,31.4700,31.7800,554755823.0000,0.929818
2018-08-22,sh.600196,12560395,-0.857955,31.2000,31.7800,394307516.0000,0.657678
2018-08-23,sh.600196,10894965,1.185894,31.5700,31.7300,343229643.0000,0.570474
2018-08-24,sh.600196,22062223,-3.167564,30.5700,31.5600,675974131.0000,1.155206
2018-08-27,sh.600196,52733055,10.009820,33.6300,33.6300,1730840470.0000,2.761169
2018-08-28,sh.600196,39611643,-2.795130,32.6900,33.3600,1301101964.0000,2.074115
2018-08-29,sh.600196,18233158,-0.489446,32.5300,32.9200,593906425.0000,0.954711
2018-08-30,sh.600196,21678747,-3.596675,31.3600,32.6000,691236497.0000,1.135126
2018-08-31,sh.600196,84861358,-6.887755,29.2000,30.2000,2463909449.0000,4.443447
2018-09-03,sh.600196,45364707,-3.664389,28.1300,28.6800,1277585811.0000,2.375353
2018-09-04,sh.600196,30087418,3.483830,29.1100,29.3100,864773201.0000,1.575415
2018-09-05,sh.600196,23002795,0.137406,29.1500,29.8000,674288206.0000,1.204455
2018-09-06,sh.600196,19152686,-1.372211,28.7500,29.7100,556330717.0000,1.002859
2018-09-07,sh.600196,28304570,3.304350,29.7000,30.1800,840804037.0000,1.482063
2018-09-10,sh.600196,14646792,-2.525253,28.9500,29.8800,426954968.0000,0.766924
2018-09-11,sh.600196,11699033,0.483590,29.0900,29.5700,341449710.0000,0.612576
2018-09-12,sh.600196,27671569,-3.746993,28.0000,29.0800,782789742.0000,1.448918
2018-09-13,sh.600196,29501400,-1.000003,27.7200,28.4900,815325129.0000,1.544730
2018-09-14,sh.600196,16807165,0.108228,27.7500,28.1500,465903334.0000,0.880044
2018-09-17,sh.600196,10983478,-2.234237,27.1300,27.9000,300219979.0000,0.575109
2018-09-18,sh.600196,17644084,1.916699,27.6500,27.8100,481097498.0000,0.923866
2018-09-19,sh.600196,23073646,2.350812,28.3000,28.7800,649099736.0000,1.208165
2018-09-20,sh.600196,15467967,-0.212012,28.2400,28.7800,438862520.0000,0.809922
2018-09-21,sh.600196,31914081,6.303119,30.0200,30.3000,936169324.0000,1.671061
2018-09-25,sh.600196,16096590,0.066624,30.0400,30.0400,479342090.0000,0.842838
2018-09-26,sh.600196,23265905,0.366174,30.1500,30.7100,706056571.0000,1.218232
2018-09-27,sh.600196,23199670,1.359867,30.5600,31.3100,713664200.0000,1.214764
2018-09-28,sh.600196,21002704,3.239528,31.5500,31.5600,656344520.0000,1.099728
2018-10-08,sh.600196,18978604,-5.134704,29.9300,31.0000,575640594.0000,0.993744
2018-10-09,sh.600196,15266145,-1.670565,29.4300,30.1000,451073028.0000,0.799355
2018-10-10,sh.600196,13931768,-0.135919,29.3900,29.6700,405902760.0000,0.729485
2018-10-11,sh.600196,24230569,-4.797550,27.9800,28.5100,678520593.0000,1.268743
2018-10-12,sh.600196,19132262,1.465332,28.3900,28.7300,537092469.0000,1.001789
2018-10-15,sh.600196,16855122,-2.430428,27.7000,28.7000,474229415.0000,0.882555
2018-10-16,sh.600196,14067416,-2.490977,27.0100,28.0000,385939172.0000,0.736588
2018-10-17,sh.600196,14466947,3.035912,27.8300,27.9000,398168986.0000,0.757508
2018-10-18,sh.600196,12915301,-2.335608,27.1800,27.8500,353205408.0000,0.676261
2018-10-19,sh.600196,23440410,5.150845,28.5800,28.6700,650415050.0000,1.227369
2018-10-22,sh.600196,27236582,5.283416,30.0900,30.4400,809644940.0000,1.426142
2018-10-23,sh.600196,18793267,-3.323363,29.0900,30.0900,552542370.0000,0.984039
2018-10-24,sh.600196,14996769,-1.478172,28.6600,29.1700,430148047.0000,0.785250
2018-10-25,sh.600196,13032119,-1.779484,28.1500,28.3000,364264829.0000,0.682378
2018-10-26,sh.600196,15940725,-2.202483,27.5300,28.5100,442060404.0000,0.834676
2018-10-29,sh.600196,25999940,-6.937885,25.6200,27.6000,680306343.0000,1.361389
2018-10-30,sh.600196,31689979,-3.590945,24.7000,25.2400,778593978.0000,1.659327
2018-10-31,sh.600196,19669192,2.834003,25.4000,25.4200,495410552.0000,1.029904
2018-11-01,sh.600196,26346291,1.850398,25.8700,26.5600,687215263.0000,1.379525
2018-11-02,sh.600196,32927682,6.494002,27.5500,27.6400,889646570.0000,1.724135
2018-11-05,sh.600196,17012364,-0.907441,27.3000,27.7700,463655513.0000,0.890789
2018-11-06,sh.600196,17214557,1.208791,27.6300,27.7900,471625390.0000,0.901376
2018-11-07,sh.600196,18975587,0.832434,27.8600,28.5000,530878560.0000,0.993586
2018-11-08,sh.600196,13230944,-1.005028,27.5800,28.4100,369781684.0000,0.692789
2018-11-09,sh.600196,10206078,-0.253806,27.5100,27.9700,281882585.0000,0.534403
2018-11-12,sh.600196,12555202,2.108324,28.0900,28.1800,349314963.0000,0.657406
2018-11-13,sh.600196,16837233,0.498396,28.2300,28.3200,471251203.0000,0.881619
2018-11-14,sh.600196,15322459,0.141697,28.2700,28.8600,436596444.0000,0.802303
2018-11-15,sh.600196,14147668,0.212237,28.3300,28.3300,397880266.0000,0.740790
2018-11-16,sh.600196,28011174,-2.612071,27.5900,28.3600,774964731.0000,1.466700
2018-11-19,sh.600196,30215023,4.131929,28.7300,28.7800,848846998.0000,1.582097
2018-11-20,sh.600196,17235221,-2.192827,28.1000,28.6200,488392692.0000,0.902458
2018-11-21,sh.600196,29552928,3.914592,29.2000,29.2900,851654982.0000,1.547428
2018-11-22,sh.600196,18013164,-0.787676,28.9700,29.3700,520574246.0000,0.943192
2018-11-23,sh.600196,25095386,-5.315841,27.4300,29.0000,700724112.0000,1.314026
2018-11-26,sh.600196,10967214,0.036457,27.4400,27.9000,302869434.0000,0.574257
2018-11-27,sh.600196,14446039,-1.384843,27.0600,27.8000,392073769.0000,0.756413
2018-11-28,sh.600196,12512501,1.699930,27.5200,27.6200,341055540.0000,0.655170
2018-11-29,sh.600196,12899305,0.036338,27.5300,28.2000,359452602.0000,0.675424
2018-11-30,sh.600196,9294761,1.126042,27.8400,27.9300,257048267.0000,0.486504
2018-12-03,sh.600196,31234785,7.004313,29.7900,29.9300,913708968.0000,1.634883
2018-12-04,sh.600196,21099470,0.704932,30.0000,30.1400,630568321.0000,1.104383
2018-12-05,sh.600196,22384786,1.433334,30.4300,30.7800,675253710.0000,1.171659
2018-12-06,sh.600196,46934296,-8.609927,27.8100,30.1400,1343630557.0000,2.456622
2018-12-07,sh.600196,47231850,-6.076946,26.1200,27.7000,1254902381.0000,2.472197
2018-12-10,sh.600196,24134992,-1.569685,25.7100,26.2800,623241669.0000,1.263267
2018-12-11,sh.600196,15944659,0.816807,25.9200,26.1400,413334134.0000,0.834571
2018-12-12,sh.600196,12768931,-0.115743,25.8900,26.1400,330451091.0000,0.668348
2018-12-13,sh.600196,16970505,1.583622,26.3000,26.4800,445214850.0000,0.888266
2018-12-14,sh.600196,25547662,-3.117870,25.4800,26.2000,658400401.0000,1.337209
2018-12-17,sh.600196,16064363,-0.981162,25.2300,25.5800,402363738.0000,0.840837
2018-12-18,sh.600196,12177600,-1.228694,24.9200,25.4400,304833015.0000,0.637397
2018-12-19,sh.600196,26977328,-3.772073,23.9800,25.0400,652804517.0000,1.412040
2018-12-20,sh.600196,18581124,-0.500413,23.8600,24.0800,441477434.0000,0.972568
2018-12-21,sh.600196,12055622,-0.628674,23.7100,23.8400,284474568.0000,0.631012
2018-12-24,sh.600196,15764591,2.404056,24.2800,24.4000,380205884.0000,0.825146
2018-12-25,sh.600196,15742691,-1.359143,23.9500,24.0700,373760448.0000,0.824000
2018-12-26,sh.600196,8797632,-1.002095,23.7100,24.1900,209911121.0000,0.460483
2018-12-27,sh.600196,13706510,-1.476164,23.3600,24.1300,325272166.0000,0.717422
2018-12-28,sh.600196,13675418,-0.385275,23.2700,23.7000,318206567.0000,0.715795
2019-01-02,sh.600196,31424709,-7.391496,21.5500,23.4800,694907433.0000,1.644824
2019-01-03,sh.600196,28821460,-2.598605,20.9900,21.6000,605465765.0000,1.508565
2019-01-04,sh.600196,24602736,3.716059,21.7700,21.8700,527885129.0000,1.287750
2019-01-07,sh.600196,17976374,-0.091872,21.7500,21.9500,390307889.0000,0.940915
2019-01-08,sh.600196,15038687,1.241381,22.0200,22.1700,330317961.0000,0.787151
2019-01-09,sh.600196,20457603,1.180746,22.2800,22.5800,457888216.0000,1.070786
2019-01-10,sh.600196,16353423,0.538595,22.4000,22.8600,366425133.0000,0.855967
2019-01-11,sh.600196,13381675,-1.071428,22.1600,22.3600,295785285.0000,0.700420
2019-01-14,sh.600196,16583455,-3.429604,21.4000,22.2200,357790297.0000,0.868007
2019-01-15,sh.600196,24076995,4.532716,22.3700,22.5000,532326590.0000,1.260232
2019-01-16,sh.600196,20996998,1.519885,22.7100,22.7500,473760166.0000,1.099019
2019-01-17,sh.600196,21779998,0.396302,22.8000,23.2800,501004652.0000,1.140003
2019-01-18,sh.600196,27874970,3.947375,23.7000,23.8700,654591209.0000,1.459024
2019-01-21,sh.600196,27665998,0.000000,23.7000,24.3000,659124441.0000,1.448086
2019-01-22,sh.600196,17122925,-2.700427,23.0600,23.6000,395973589.0000,0.896244
2019-01-23,sh.600196,10855298,-0.130090,23.0300,23.1900,249472088.0000,0.568185
2019-01-24,sh.600196,13715367,-0.217113,22.9800,23.1900,314331768.0000,0.717886
2019-01-25,sh.600196,19081278,1.653617,23.3600,23.6400,445224638.0000,0.998747
2019-01-28,sh.600196,24275268,0.984587,23.5900,23.9700,574402760.0000,1.270610
2019-01-29,sh.600196,16255732,0.127175,23.6200,23.8000,381523823.0000,0.850853
2019-01-30,sh.600196,17205249,-3.048269,22.9000,23.4500,396806564.0000,0.900553
2019-01-31,sh.600196,18273646,1.441048,23.2300,23.4600,424156234.0000,0.956474
2019-02-01,sh.600196,19380005,3.572966,24.0600,24.1500,462667022.0000,1.014383
2019-02-11,sh.600196,22603540,2.036574,24.5500,24.6000,549476078.0000,1.183108
2019-02-12,sh.600196,41215340,4.928721,25.7600,26.0800,1053075155.0000,2.157282
2019-02-13,sh.600196,31186738,0.931676,26.0000,26.2200,808214762.0000,1.632368
2019-02-14,sh.600196,25972777,0.423079,26.1100,26.2500,675325100.0000,1.359460
2019-02-15,sh.600196,31287332,-3.408661,25.2200,26.0000,797871243.0000,1.637633
2019-02-18,sh.600196,31330641,3.885811,26.2000,26.2000,811728872.0000,1.639900
2019-02-19,sh.600196,35522618,-2.442753,25.5600,26.2900,916888388.0000,1.859315
2019-02-20,sh.600196,27864824,-1.291080,25.2300,25.4900,700566665.0000,1.458493
2019-02-21,sh.600196,25439928,-0.713438,25.0500,25.5700,643402815.0000,1.331570
2019-02-22,sh.600196,25345136,1.197609,25.3500,25.3800,633064226.0000,1.326608
2019-02-25,sh.600196,60887911,4.852069,26.5800,26.8000,1587043452.0000,3.186979
2019-02-26,sh.600196,86538240,6.734391,28.3700,29.2400,2467159346.0000,4.529561
2019-02-27,sh.600196,53927782,0.387729,28.4800,29.0800,1539146309.0000,2.822674
2019-02-28,sh.600196,52490512,1.053375,28.7800,29.6600,1521376279.0000,2.747444
2019-03-01,sh.600196,36783311,-0.243230,28.7100,29.4100,1051927841.0000,1.925302
2019-03-04,sh.600196,62898509,2.995474,29.5700,30.1500,1856410814.0000,3.292217
2019-03-05,sh.600196,36197513,0.169094,29.6200,29.8000,1063548581.0000,1.894641
2019-03-06,sh.600196,39985176,0.776501,29.8500,30.3600,1192134626.0000,2.092893
2019-03-07,sh.600196,50516331,-3.551087,28.7900,29.6000,1458527014.0000,2.644112
2019-03-08,sh.600196,39804461,-4.202852,27.5800,28.5900,1113679647.0000,2.083434
2019-03-11,sh.600196,39141837,3.879622,28.6500,29.0000,1115472650.0000,2.048752
2019-03-12,sh.600196,47859610,1.535779,29.0900,29.6000,1393598437.0000,2.505055
2019-03-13,sh.600196,69113973,4.090755,30.2800,30.8600,2079128000.0000,3.617545
2019-03-14,sh.600196,42332502,-4.029066,29.0600,30.3600,1242675493.0000,2.215757
2019-03-15,sh.600196,34605384,1.238818,29.4200,29.9100,1019697868.0000,1.811306
2019-03-18,sh.600196,53158005,4.078861,30.6200,30.7600,1601216016.0000,2.782382
2019-03-19,sh.600196,39785671,-1.567608,30.1400,30.7600,1197513978.0000,2.082451
2019-03-20,sh.600196,35576242,-0.663566,29.9400,30.4500,1063962372.0000,1.862122
2019-03-21,sh.600196,32509809,-0.434205,29.8100,30.1500,972582979.0000,1.701620
2019-03-22,sh.600196,31442425,-0.167726,29.7600,29.9600,929294777.0000,1.645751
2019-03-25,sh.600196,30131137,-3.024192,28.8600,29.6000,878977883.0000,1.577116
2019-03-26,sh.600196,32349127,-2.009702,28.2800,29.4200,926136396.0000,1.693209
2019-03-27,sh.600196,30123139,2.652051,29.0300,29.2500,870119725.0000,1.576697
2019-03-28,sh.600196,23497062,-1.446779,28.6100,29.0500,676181118.0000,1.229877
2019-03-29,sh.600196,39219610,4.089479,29.7800,29.7900,1151750077.0000,2.052822
2019-04-01,sh.600196,56480659,2.316987,30.4700,30.5600,1700753092.0000,2.956296
2019-04-02,sh.600196,40169556,-1.345585,30.0600,30.4700,1209845728.0000,2.102544
2019-04-03,sh.600196,27886032,-0.199599,30.0000,30.0800,833349136.0000,1.459603
2019-04-04,sh.600196,38458102,-1.299998,29.6100,30.2000,1141532471.0000,2.012964
2019-04-08,sh.600196,31930062,-1.384667,29.2000,29.8700,938819148.0000,1.671275
2019-04-09,sh.600196,58879542,5.136986,30.7000,30.7000,1769735308.0000,3.081857
2019-04-10,sh.600196,71931152,3.420193,31.7500,32.2500,2268590260.0000,3.765001
2019-04-11,sh.600196,49544506,-4.566931,30.3000,32.1100,1531975014.0000,2.593245
2019-04-12,sh.600196,23672904,-0.660062,30.1000,30.3000,707973341.0000,1.239081
2019-04-15,sh.600196,30544351,-2.657811,29.3000,30.5600,914183207.0000,1.598744
2019-04-16,sh.600196,22789558,1.911267,29.8600,29.8800,668396316.0000,1.192845
2019-04-17,sh.600196,23295075,0.468853,30.0000,30.3500,698058610.0000,1.219305
2019-04-18,sh.600196,17046368,-1.966667,29.4100,29.9700,503873888.0000,0.892236
2019-04-19,sh.600196,15934621,1.054061,29.7200,29.9800,472695356.0000,0.834046
2019-04-22,sh.600196,19340872,-1.917899,29.1500,29.7100,565545629.0000,1.012335
2019-04-23,sh.600196,14469055,-0.754715,28.9300,29.4600,421251934.0000,0.757335
2019-04-24,sh.600196,17137693,0.725887,29.1400,29.2000,494532083.0000,0.897017
2019-04-25,sh.600196,18975134,-1.921755,28.5800,29.4500,549663919.0000,0.993191
2019-04-26,sh.600196,15338847,-0.874738,28.3300,28.7900,437251028.0000,0.802862
2019-04-29,sh.600196,21710348,1.941402,28.8800,29.0900,625692384.0000,1.136357
2019-04-30,sh.600196,16975437,0.761777,29.1000,29.1800,489649907.0000,0.888524
2019-05-06,sh.600196,31016710,-8.728525,26.5600,28.1800,847472531.0000,1.623468
2019-05-07,sh.600196,17335543,1.618977,26.9900,27.4800,469229236.0000,0.907372
2019-05-08,sh.600196,15214537,-1.259726,26.6500,27.3100,408986838.0000,0.796355
2019-05-09,sh.600196,22363308,-3.527207,25.7100,26.7800,582086031.0000,1.170534
2019-05-10,sh.600196,24038183,3.072738,26.5000,26.6100,631051974.0000,1.258200
2019-05-13,sh.600196,15970995,-2.113206,25.9400,26.4900,416144029.0000,0.835950
2019-05-14,sh.600196,12978037,-0.886667,25.7100,26.1000,335733197.0000,0.679293
2019-05-15,sh.600196,18834837,2.567101,26.3700,26.4600,492991153.0000,0.985848
2019-05-16,sh.600196,12922627,0.872201,26.6000,26.6300,340200225.0000,0.676393
2019-05-17,sh.600196,13601819,-2.744359,25.8700,26.6100,354532139.0000,0.711943
2019-05-20,sh.600196,14974226,-2.589873,25.2000,25.7800,377532746.0000,0.783777
2019-05-21,sh.600196,12990437,2.023803,25.7100,25.9900,333946765.0000,0.679942
2019-05-22,sh.600196,9277256,0.155585,25.7500,26.0800,239175377.0000,0.485588
2019-05-23,sh.600196,9668325,-1.864076,25.2700,25.7100,245124982.0000,0.506057
2019-05-24,sh.600196,7493654,-0.672735,25.1000,25.4000,189019157.0000,0.392231
2019-05-27,sh.600196,15211859,0.637450,25.2600,25.3100,380933519.0000,0.796215
2019-05-28,sh.600196,15532483,1.187645,25.5600,25.6500,394607119.0000,0.812997
2019-05-29,sh.600196,10123396,-1.056332,25.2900,25.5200,256210284.0000,0.529876
2019-05-30,sh.600196,11619910,-1.621201,24.8800,25.1500,289368762.0000,0.608206
2019-05-31,sh.600196,11012587,-0.562698,24.7400,25.1500,273968395.0000,0.576418
2019-06-03,sh.600196,12128590,-0.323363,24.6600,25.1300,300469808.0000,0.634831
2019-06-04,sh.600196,19674556,-3.041363,23.9100,24.7600,474394699.0000,1.029800
2019-06-05,sh.600196,40881357,-4.600587,22.8100,24.1100,937330152.0000,2.139801
2019-06-06,sh.600196,16035535,-1.578249,22.4500,22.8800,361678477.0000,0.839328
2019-06-10,sh.600196,15584067,0.979952,22.6700,22.8500,353821603.0000,0.815697
2019-06-11,sh.600196,19810912,4.014115,23.5800,23.6100,460898376.0000,1.036937
2019-06-12,sh.600196,12049284,-1.314671,23.2700,23.5000,280846728.0000,0.630680
2019-06-13,sh.600196,10542034,1.031370,23.5100,23.7100,246213411.0000,0.551788
2019-06-14,sh.600196,11336390,-0.978305,23.2800,23.8100,266196662.0000,0.593366
2019-06-17,sh.600196,37646378,3.865978,24.1800,24.9900,921472397.0000,1.970477
2019-06-18,sh.600196,18231153,-1.282049,23.8700,24.4300,436536292.0000,0.954250
2019-06-19,sh.600196,16895661,0.921656,24.0900,24.6300,410136339.0000,0.884348
2019-06-20,sh.600196,25923269,3.030301,24.8200,24.9000,637666781.0000,1.356869
2019-06-21,sh.600196,22649833,1.611602,25.2200,25.4200,570096993.0000,1.185532
2019-06-24,sh.600196,15278691,0.515468,25.3500,25.3600,385120079.0000,0.799713
2019-06-25,sh.600196,16472339,-1.459569,24.9800,25.3800,410930220.0000,0.862191
2019-06-26,sh.600196,20766373,3.522823,25.8600,25.9500,530046322.0000,1.086948
2019-06-27,sh.600196,17712535,0.232016,25.9200,26.1100,458650405.0000,0.927105
2019-06-28,sh.600196,15749505,-2.391979,25.3000,25.9000,401914186.0000,0.824356
2019-07-01,sh.600196,25514166,3.913050,26.2900,26.4000,667696865.0000,1.335456
2019-07-02,sh.600196,19094238,0.950932,26.5400,26.7500,505587597.0000,0.999426
2019-07-03,sh.600196,21305658,0.489824,26.6700,26.9800,569889922.0000,1.115175
2019-07-04,sh.600196,13050819,-0.599924,26.5100,26.8800,346590746.0000,0.683102
2019-07-05,sh.600196,13061000,1.131646,26.8100,26.9400,350094412.0000,0.683635
2019-07-08,sh.600196,19766285,-2.685563,26.0900,26.8400,517646139.0000,1.034602
2019-07-09,sh.600196,12090215,0.574931,26.2400,26.6000,318058603.0000,0.632823
2019-07-10,sh.600196,33349751,4.115853,27.3200,27.9600,910212060.0000,1.745584
2019-07-11,sh.600196,20627722,-0.402638,27.2100,27.5600,561636961.0000,1.079691
2019-07-12,sh.600196,14796600,-0.294009,27.1300,27.5100,402457381.0000,0.774480
2019-07-15,sh.600196,22752262,1.216365,27.4600,27.9400,623458606.0000,1.190893
2019-07-16,sh.600196,10875448,-0.473413,27.3300,27.7600,297875442.0000,0.569240
2019-07-17,sh.600196,13342639,-1.646545,26.8800,27.3300,360554040.0000,0.698377
2019-07-18,sh.600196,14092110,-1.636900,26.4400,26.8400,373243398.0000,0.737605
2019-07-19,sh.600196,14244736,-1.096826,26.1500,26.8700,376754904.0000,0.745594
2019-07-22,sh.600196,14553753,1.261950,26.4800,26.8900,384337934.0000,0.761769
2019-07-23,sh.600196,10151033,-0.453168,26.3600,26.6600,267927580.0000,0.531323
2019-07-24,sh.600196,14465250,1.593323,26.7800,27.1800,389012553.0000,0.757136
2019-07-25,sh.600196,13047216,0.000000,26.7800,26.9300,348589499.0000,0.682914
2019-07-26,sh.600196,13292424,1.045600,27.0600,27.2200,358737108.0000,0.695700
2019-07-29,sh.600196,10118035,-1.219512,26.7300,27.0200,270391358.0000,0.529595
2019-07-30,sh.600196,8224718,0.299300,26.8100,26.9000,220302705.0000,0.430500
2019-07-31,sh.600196,13774408,-1.902300,26.3000,27.0900,365802475.0000,0.721000
2019-08-01,sh.600196,13971505,-1.292800,25.9600,26.3000,362530934.0000,0.731300
2019-08-02,sh.600196,14038646,-2.886100,24.9000,25.1500,350049359.0000,0.734800
2019-08-05,sh.600196,9981056,-1.807200,24.4500,24.8500,245222187.0000,0.522400
2019-08-06,sh.600196,16316084,0.531700,24.5800,24.6500,392462233.0000,0.854000
2019-08-07,sh.600196,9277973,-1.057800,24.3200,24.7000,226738559.0000,0.485600
2019-08-08,sh.600196,12867548,2.384900,24.9000,25.1800,319275764.0000,0.673500
2019-08-09,sh.600196,10514919,0.040200,24.9100,25.3800,264081402.0000,0.550400
2019-08-12,sh.600196,7938046,1.726200,25.3400,25.4000,199686072.0000,0.415500
2019-08-13,sh.600196,10409191,-2.209900,24.7800,25.3800,259161950.0000,0.544800
2019-08-14,sh.600196,10483772,0.726400,24.9600,25.3000,262088908.0000,0.548700
2019-08-15,sh.600196,10021255,0.801300,25.1600,25.2300,249450702.0000,0.524500
2019-08-16,sh.600196,19590467,2.980900,25.9100,26.1700,505440762.0000,1.025400
2019-08-19,sh.600196,16976871,2.470100,26.5500,26.6500,448949689.0000,0.888600
2019-08-20,sh.600196,12572797,0.113000,26.5800,26.7800,333801494.0000,0.658100
2019-08-21,sh.600196,15057781,-1.805900,26.1000,26.4300,394925152.0000,0.788200
2019-08-22,sh.600196,12262182,1.187700,26.4100,26.7500,324964288.0000,0.641800
2019-08-23,sh.600196,28511950,4.127200,27.5000,27.6100,776347973.0000,1.492400
2019-08-26,sh.600196,42968609,3.309100,28.4100,28.8200,1208169315.0000,2.249100
2019-08-27,sh.600196,31018791,-0.563200,28.2500,28.7900,878512482.0000,1.623600
2019-08-28,sh.600196,21374520,-1.592900,27.8000,28.2300,593988051.0000,1.118800
2019-08-29,sh.600196,14437552,0.071900,27.8200,28.1000,400755762.0000,0.755700
2019-08-30,sh.600196,17690792,-0.611100,27.6500,28.3500,492896024.0000,0.926000
2019-09-02,sh.600196,20950503,1.989200,28.2000,28.3400,586007014.0000,1.096600
2019-09-03,sh.600196,13952094,-0.957400,27.9300,28.3800,391268950.0000,0.730300
2019-09-04,sh.600196,13005970,0.572900,28.0900,28.1600,362982948.0000,0.680800
2019-09-05,sh.600196,24687609,2.207200,28.7100,28.7700,702640856.0000,1.292200
2019-09-06,sh.600196,14892511,-0.034800,28.7000,28.7700,425628701.0000,0.779500
2019-09-09,sh.600196,21993414,0.243900,28.7700,29.1300,630532572.0000,1.151200
2019-09-10,sh.600196,22353382,-1.112300,28.4500,29.2000,643303122.0000,1.170000
2019-09-11,sh.600196,23861078,-2.952500,27.6100,28.6000,665796095.0000,1.248900
2019-09-12,sh.600196,22724713,-0.579500,27.4500,27.8500,621766850.0000,1.189500
2019-09-16,sh.600196,12088906,0.218600,27.5100,27.7600,332311223.0000,0.632800
2019-09-17,sh.600196,16207849,-1.672100,27.0500,27.6400,440197345.0000,0.848300
2019-09-18,sh.600196,12619967,0.110900,27.0800,27.3400,342142332.0000,0.660600
2019-09-19,sh.600196,15601809,1.440200,27.4700,27.5500,426394409.0000,0.816600
2019-09-20,sh.600196,24237677,1.929400,28.0000,28.2800,679032499.0000,1.268600
2019-09-23,sh.600196,14026996,-2.321400,27.3500,27.9500,385001807.0000,0.734200
2019-09-24,sh.600196,26915004,-1.426000,26.9600,27.7200,729359634.0000,1.408800
2019-09-25,sh.600196,32808836,-4.710700,25.6900,26.9000,851533765.0000,1.717300
2019-09-26,sh.600196,18982587,-2.218800,25.1200,25.8500,480767432.0000,0.993600
2019-09-27,sh.600196,12916020,0.358300,25.2100,25.5000,326149815.0000,0.676000
2019-09-30,sh.600196,9744568,0.238000,25.2700,25.5900,247151802.0000,0.510000
2019-10-08,sh.600196,12470090,0.395700,25.3700,25.7800,317807479.0000,0.652700
2019-10-09,sh.600196,12930874,-1.497800,24.9900,25.1800,320964082.0000,0.676800
2019-10-10,sh.600196,14163758,2.040800,25.5000,25.7400,359461018.0000,0.741400
2019-10-11,sh.600196,15909922,-0.705900,25.3200,25.5500,400863001.0000,0.832800
2019-10-14,sh.600196,17502752,0.789900,25.5200,25.8400,447936680.0000,0.916100
2019-10-15,sh.600196,13211718,-1.018800,25.2600,25.7400,335507691.0000,0.691500
2019-10-16,sh.600196,11723979,-0.791800,25.0600,25.4500,295441776.0000,0.613700
2019-10-17,sh.600196,8768592,0.359100,25.1500,25.2400,220099843.0000,0.459000
2019-10-18,sh.600196,17826641,0.755500,25.3400,25.7200,453679882.0000,0.933100
2019-10-21,sh.600196,11334181,-0.591900,25.1900,25.5500,285762438.0000,0.593300
2019-10-22,sh.600196,8797208,0.674900,25.3600,25.3800,221596778.0000,0.460500
2019-10-23,sh.600196,9036486,-1.261800,25.0400,25.3900,227044969.0000,0.473000
2019-10-24,sh.600196,11696327,-2.156600,24.5000,25.0200,288911494.0000,0.612200
2019-10-25,sh.600196,9325617,1.265300,24.8100,24.8400,230291252.0000,0.488100
2019-10-28,sh.600196,13093949,0.282100,24.8800,25.0900,325250911.0000,0.685400
2019-10-29,sh.600196,21931830,2.773300,25.5700,25.7400,557362197.0000,1.148000
2019-10-30,sh.600196,16816322,-2.424700,24.9500,25.7000,421021515.0000,0.880200
2019-10-31,sh.600196,16077225,2.044100,25.4600,25.4900,406783321.0000,0.841500
2019-11-01,sh.600196,20379790,1.335400,25.8000,25.9800,523914134.0000,1.066700
2019-11-04,sh.600196,16417004,0.193800,25.8500,26.2300,426584954.0000,0.859300
2019-11-05,sh.600196,13912098,-0.309500,25.7700,26.0400,359026258.0000,0.728200
2019-11-06,sh.600196,10499400,-1.164100,25.4700,25.9200,268737220.0000,0.549600
2019-11-07,sh.600196,39792177,5.614400,26.9000,27.5000,1059977743.0000,2.082800
2019-11-08,sh.600196,24885707,0.074400,26.9200,27.2200,671133294.0000,1.237500
2019-11-11,sh.600196,21668966,-0.631500,26.7500,27.2000,583171940.0000,1.077500
2019-11-12,sh.600196,16141451,0.037400,26.7600,26.9900,428983131.0000,0.802700
2019-11-13,sh.600196,22520465,0.971600,27.0200,27.2500,606916038.0000,1.119900
2019-11-14,sh.600196,14891477,-0.666200,26.8400,27.1400,399110321.0000,0.740500
2019-11-15,sh.600196,24276465,0.819700,27.0600,27.3600,657676388.0000,1.207200
2019-11-18,sh.600196,25221888,2.254300,27.6700,27.8500,694391572.0000,1.254200
2019-11-19,sh.600196,20855181,0.433700,27.7900,27.9300,578432093.0000,1.037100
2019-11-20,sh.600196,17112060,-1.007600,27.5100,27.7700,471166129.0000,0.850900
2019-11-21,sh.600196,22190196,-2.944400,26.7000,27.5800,596830474.0000,1.103500
2019-11-22,sh.600196,30982438,-3.857700,25.6700,26.8800,808629069.0000,1.540700
2019-11-25,sh.600196,14705698,-0.194800,25.6200,25.6500,373712227.0000,0.731300
2019-11-26,sh.600196,14976193,1.249000,25.9400,26.0800,387608141.0000,0.744700
2019-11-27,sh.600196,10775652,0.000000,25.9400,26.1000,278666366.0000,0.535800
2019-11-28,sh.600196,7324577,-1.040900,25.6700,25.9500,188774733.0000,0.364200
2019-11-29,sh.600196,21642909,-2.025700,25.1500,25.7800,544117987.0000,1.076200
2019-12-02,sh.600196,9400371,-0.119300,25.1200,25.2600,235615703.0000,0.467500
2019-12-03,sh.600196,12407127,-0.398100,25.0200,25.0700,308139022.0000,0.617000
2019-12-04,sh.600196,8916602,-0.199800,24.9700,25.1500,222935849.0000,0.443400
2019-12-05,sh.600196,11898007,1.321600,25.3000,25.4000,300399940.0000,0.591700
2019-12-06,sh.600196,8958477,-0.158100,25.2600,25.3800,226042636.0000,0.445500
2019-12-09,sh.600196,11919635,-0.554200,25.1200,25.2700,298635619.0000,0.592700
2019-12-10,sh.600196,14517619,0.636900,25.2800,25.5600,367232151.0000,0.721900
2019-12-11,sh.600196,11135739,-0.553800,25.1400,25.4300,280403271.0000,0.553800
2019-12-12,sh.600196,10219069,-0.556900,25.0000,25.2200,255186686.0000,0.508200
2019-12-13,sh.600196,14891666,1.560000,25.3900,25.4400,376697431.0000,0.740500
2019-12-16,sh.600196,14990630,1.536000,25.7800,25.7900,383687241.0000,0.745400
2019-12-17,sh.600196,17472137,1.357600,26.1300,26.1900,453765920.0000,0.868800
2019-12-18,sh.600196,14558385,-0.803700,25.9200,26.1900,377782519.0000,0.724000
2019-12-19,sh.600196,19458431,2.121900,26.4700,26.5700,511733874.0000,0.967600
2019-12-20,sh.600196,14462257,-0.491100,26.3400,26.6500,382302630.0000,0.719200
2019-12-23,sh.600196,12169727,-1.404700,25.9700,26.6300,319313936.0000,0.605200
2019-12-24,sh.600196,13870679,1.809800,26.4400,26.5200,365662208.0000,0.689800
2019-12-25,sh.600196,11508262,-0.945500,26.1900,26.5200,302007245.0000,0.572300
2019-12-26,sh.600196,9378931,0.420000,26.3000,26.4300,246303862.0000,0.466400
2019-12-27,sh.600196,16174186,-0.228100,26.2400,26.6800,428697962.0000,0.804300
2019-12-30,sh.600196,14377729,-0.152400,26.2000,26.3000,375179914.0000,0.715000
2019-12-31,sh.600196,20531895,1.526700,26.6000,26.8500,547164026.0000,1.021000
2020-01-02,sh.600196,23797305,1.654100,27.0400,27.0800,638431363.0000,1.183400
2020-01-03,sh.600196,20427941,0.221900,27.1000,27.2300,551435629.0000,1.015800
2020-01-06,sh.600196,19187499,-1.476000,26.7000,27.1500,515568524.0000,0.954100
2020-01-07,sh.600196,14892496,0.749100,26.9000,27.1500,400960312.0000,0.740600
2020-01-08,sh.600196,17673907,-2.230500,26.3000,26.7900,467875339.0000,0.878900
2020-01-09,sh.600196,16543976,1.140700,26.6000,26.7400,439519835.0000,0.822700
2020-01-10,sh.600196,23293691,1.353400,26.9600,27.2000,627994397.0000,1.158300
2020-01-13,sh.600196,15195071,0.408000,27.0700,27.1000,409566393.0000,0.755600
2020-01-14,sh.600196,15677475,-0.886600,26.8300,27.2100,422572601.0000,0.779600
2020-01-15,sh.600196,12907557,-0.559100,26.6800,27.0900,346056367.0000,0.641900
2020-01-16,sh.600196,13622116,0.899500,26.9200,26.9200,364309850.0000,0.677400
2020-01-17,sh.600196,23125373,0.000000,26.9200,27.4000,626225576.0000,1.150000
2020-01-20,sh.600196,27388176,1.783100,27.4000,27.5800,745310084.0000,1.361900
2020-01-21,sh.600196,42680852,1.678800,27.8600,28.1300,1185716880.0000,2.122400
2020-01-22,sh.600196,34533483,-2.871500,27.0600,27.9800,935627198.0000,1.717300
2020-01-23,sh.600196,29110099,-3.252000,26.1800,27.2800,770583616.0000,1.447600
2020-02-03,sh.600196,45598970,-1.948100,25.6700,25.9700,1147814241.0000,2.267500
2020-02-04,sh.600196,52968725,5.960300,27.2000,27.2600,1408581562.0000,2.634000
2020-02-05,sh.600196,62857418,4.558800,28.4400,28.5200,1729245766.0000,3.125700
2020-02-06,sh.600196,80054320,-0.773600,28.2200,29.5500,2296504559.0000,3.980900
2020-02-07,sh.600196,53168602,-2.126100,27.6200,28.7200,1483524656.0000,2.643900
2020-02-10,sh.600196,29922433,-1.267200,27.2700,27.8000,815469302.0000,1.488000
2020-02-11,sh.600196,23112878,-0.183400,27.2200,27.4300,625528227.0000,1.149300
2020-02-12,sh.600196,24614497,0.147000,27.2600,27.5200,669494809.0000,1.224000
2020-02-13,sh.600196,27709964,-1.980900,26.7200,27.3400,743332200.0000,1.377900
2020-02-14,sh.600196,23503259,-0.973100,26.4600,26.9500,624844678.0000,1.168800
2020-02-17,sh.600196,23926140,1.133800,26.7600,26.7900,636920419.0000,1.189800
2020-02-18,sh.600196,28086082,-0.859500,26.5300,26.9500,746054796.0000,1.396700
2020-02-19,sh.600196,26562346,-1.658500,26.0900,26.5300,695779979.0000,1.320900
2020-02-20,sh.600196,21465996,0.651600,26.2600,26.3000,561274818.0000,1.067500
2020-02-21,sh.600196,25721358,0.647400,26.4300,26.5300,675948281.0000,1.279100
2020-02-24,sh.600196,32622741,1.362100,26.7900,26.8700,871410628.0000,1.622200
2020-02-25,sh.600196,108967314,9.406500,29.3100,29.4700,3102021505.0000,5.418700
2020-02-26,sh.600196,69731259,-4.333000,28.0400,29.5000,2000466245.0000,3.467600
2020-02-27,sh.600196,35526667,0.035700,28.0500,28.7900,1003044003.0000,1.766700
2020-02-28,sh.600196,39269582,-4.171100,26.8800,27.9000,1070652304.0000,1.952800
2020-03-02,sh.600196,30081145,2.678600,27.6000,27.7500,822180791.0000,1.495900
2020-03-03,sh.600196,31295453,0.471000,27.7300,28.3000,875583532.0000,1.556200
2020-03-04,sh.600196,39972845,2.848900,28.5200,28.8400,1124769717.0000,1.987800
2020-03-05,sh.600196,35349200,0.561000,28.6800,28.8400,1011365288.0000,1.757800
2020-03-06,sh.600196,30626534,-0.767100,28.4600,29.1000,880258163.0000,1.523000
2020-03-09,sh.600196,35933854,-2.037900,27.8800,28.4600,1008017951.0000,1.786900
2020-03-10,sh.600196,37674848,0.322800,27.9700,28.3000,1049096447.0000,1.873500
2020-03-11,sh.600196,26784184,-2.073700,27.3900,28.0600,740112440.0000,1.331900
2020-03-12,sh.600196,23134234,-2.920800,26.5900,27.2800,620084302.0000,1.150400
2020-03-13,sh.600196,29268130,-1.842800,26.1000,26.1800,751013877.0000,1.455400
2020-03-16,sh.600196,66648072,3.295000,26.9600,28.5000,1834140697.0000,3.314200
2020-03-17,sh.600196,95012345,8.308600,29.2000,29.2300,2676282518.0000,4.724700
2020-03-18,sh.600196,118202453,-1.986300,28.6200,31.2800,3547529535.0000,5.877900
2020-03-19,sh.600196,90695001,4.297700,29.8500,30.0300,2668444788.0000,4.510000
2020-03-20,sh.600196,60140577,-0.971500,29.5600,29.9400,1766224962.0000,2.990600
2020-03-23,sh.600196,49741929,-5.514200,27.9300,29.2700,1420036952.0000,2.473500
2020-03-24,sh.600196,88595804,8.592900,30.3300,30.6600,2577212876.0000,4.405700
2020-03-25,sh.600196,88364423,1.912300,30.9100,31.8000,2723167650.0000,4.394100
2020-03-26,sh.600196,104254791,9.996800,34.0000,34.0000,3343602123.0000,5.184300
2020-03-27,sh.600196,111420063,-3.970600,32.6500,35.1000,3761082891.0000,5.540600
2020-03-30,sh.600196,80105774,1.990800,33.3000,34.2400,2667733987.0000,3.983500
2020-03-31,sh.600196,60588159,-1.321300,32.8600,33.7800,1995452950.0000,3.012900
2020-04-01,sh.600196,59718779,-3.651900,31.6600,32.7400,1913174395.0000,2.969700
2020-04-02,sh.600196,52133856,1.073900,32.0000,32.2400,1654020142.0000,2.592500
2020-04-03,sh.600196,71207212,3.000000,32.9600,33.7500,2348910098.0000,3.541000
2020-04-07,sh.600196,66918558,2.760900,33.8700,34.2300,2240523079.0000,3.327700
2020-04-08,sh.600196,77459164,0.059100,33.8900,35.2000,2648716359.0000,3.851900
2020-04-09,sh.600196,60657236,-0.796700,33.6200,34.9500,2070823793.0000,3.016300
2020-04-10,sh.600196,56697354,-2.201100,32.8800,34.3400,1892321499.0000,2.819400
2020-04-13,sh.600196,43476548,1.399000,33.3400,33.9400,1451176140.0000,2.162000
2020-04-14,sh.600196,57169356,2.879400,34.3000,34.5600,1934574297.0000,2.842900
2020-04-15,sh.600196,61241951,1.312000,34.7500,35.4800,2136169360.0000,3.045400
2020-04-16,sh.600196,89712536,5.122300,36.5300,37.3400,3214850619.0000,4.461200
2020-04-17,sh.600196,57757160,-2.600600,35.5800,36.6000,2073904238.0000,2.872100
2020-04-20,sh.600196,71055637,4.272100,37.1000,37.5900,2627636749.0000,3.533400
2020-04-21,sh.600196,61191381,1.293800,37.5800,38.2000,2290124138.0000,3.042900
2020-04-22,sh.600196,40048004,-1.277300,37.1000,37.3900,1483380070.0000,1.991500
2020-04-23,sh.600196,85519159,-1.913700,36.3900,38.8800,3219364404.0000,4.252700
2020-04-24,sh.600196,66665850,-2.995300,35.3000,36.8900,2386821477.0000,3.315100
2020-04-27,sh.600196,54664685,2.577900,36.2100,36.4600,1962962408.0000,2.718300
2020-04-28,sh.600196,47233151,-2.264600,35.3900,36.2500,1673781981.0000,2.348800
2020-04-29,sh.600196,49241784,-3.927700,34.0000,35.9200,1714421580.0000,2.448700
2020-04-30,sh.600196,64928878,-1.088200,33.6300,33.8600,2166308252.0000,3.228800
2020-05-06,sh.600196,43869990,1.665200,34.1900,34.1900,1484153010.0000,2.181500
2020-05-07,sh.600196,35445082,-1.433200,33.7000,34.4400,1205395346.0000,1.762600
2020-05-08,sh.600196,41285922,-0.771500,33.4400,34.1500,1388435422.0000,2.053000
2020-05-11,sh.600196,34984294,1.226100,33.8500,34.0500,1181333140.0000,1.739700
2020-05-12,sh.600196,36289053,0.709000,34.0900,34.3800,1235435152.0000,1.804600
2020-05-13,sh.600196,28581009,-0.821400,33.8100,34.0000,962797881.0000,1.421300
2020-05-14,sh.600196,51952837,-4.318300,32.3500,33.5500,1707488177.0000,2.583500
2020-05-15,sh.600196,31930919,1.236500,32.7500,32.9000,1040043826.0000,1.587800
2020-05-18,sh.600196,39112561,0.519100,32.9200,33.6400,1294337709.0000,1.945000
2020-05-19,sh.600196,43361534,0.060800,32.9400,34.0500,1450604223.0000,2.156300
2020-05-20,sh.600196,36526893,-1.882200,32.3200,32.8900,1187698401.0000,1.816400
2020-05-21,sh.600196,47420902,2.134900,33.0100,33.5500,1558568845.0000,2.358100
2020-05-22,sh.600196,46634888,-5.664900,31.1400,32.7600,1479665219.0000,2.319000
2020-05-25,sh.600196,20456115,0.642300,31.3400,31.7400,641229708.0000,1.017200
2020-05-26,sh.600196,18830987,0.670100,31.5500,31.8800,594364390.0000,0.936400
2020-05-27,sh.600196,27362745,-1.679900,31.0200,31.6900,848653852.0000,1.360700
2020-05-28,sh.600196,30442021,-2.256600,30.3200,31.2500,926706633.0000,1.513800
2020-05-29,sh.600196,23723526,1.418200,30.7500,30.9600,728447291.0000,1.179700
2020-06-01,sh.600196,25093126,1.756100,31.2900,31.4400,784506703.0000,1.247800
2020-06-02,sh.600196,26339424,-1.310300,30.8800,31.2000,813685476.0000,1.309800
2020-06-03,sh.600196,34367721,1.522000,31.3500,31.8200,1080030776.0000,1.709000
2020-06-04,sh.600196,19713122,-1.084500,31.0100,31.5500,612813168.0000,0.980300
2020-06-05,sh.600196,19278400,0.612700,31.2000,31.2200,595018842.0000,0.958700
2020-06-08,sh.600196,18344065,-0.833300,30.9400,31.3800,569472446.0000,0.912200
2020-06-09,sh.600196,22484304,1.034300,31.2600,31.4700,702677022.0000,1.118100
2020-06-10,sh.600196,45827697,3.454900,32.3400,32.3400,1460392537.0000,2.278900
2020-06-11,sh.600196,37934965,-0.742100,32.1000,32.6000,1221712239.0000,1.886400
2020-06-12,sh.600196,51396823,2.803700,33.0000,33.5000,1685758978.0000,2.555800
2020-06-15,sh.600196,47590419,1.060600,33.3500,33.9900,1591089821.0000,2.366600
2020-06-16,sh.600196,31944698,0.149900,33.4000,33.5700,1061776214.0000,1.588500
2020-06-17,sh.600196,60724704,4.311400,34.8400,35.0000,2096281647.0000,3.019700
2020-06-18,sh.600196,47072497,-3.358200,33.6700,34.7500,1598634288.0000,2.340800
2020-06-19,sh.600196,32379722,-0.089100,33.6400,33.9700,1088528151.0000,1.610200
2020-06-22,sh.600196,41638462,-1.902500,33.0000,33.5800,1372499955.0000,2.070600
2020-06-23,sh.600196,26341521,0.363600,33.1200,33.2000,867876263.0000,1.309900
2020-06-24,sh.600196,26824879,-1.388900,32.6600,33.2500,879611731.0000,1.333900
2020-06-29,sh.600196,41209815,3.735500,33.8800,33.9000,1377705114.0000,2.049300
2020-06-30,sh.600196,34071383,-0.088600,33.8500,33.9700,1148863358.0000,1.694300
2020-07-01,sh.600196,40841594,-1.979300,33.1800,33.8300,1354028212.0000,2.031000
2020-07-02,sh.600196,79672893,3.887900,34.4700,35.8800,2782488923.0000,3.961900
2020-07-03,sh.600196,50457217,-0.145100,34.4200,34.6900,1719388010.0000,2.509100
2020-07-06,sh.600196,63163526,2.643800,35.3300,35.5000,2208197081.0000,3.141000
2020-07-07,sh.600196,65933813,0.566100,35.5300,36.2000,2342903149.0000,3.278700
2020-07-08,sh.600196,47189426,0.028200,35.5400,35.7000,1667929154.0000,2.346600
2020-07-09,sh.600196,57858321,1.294300,36.0000,36.6000,2076552179.0000,2.877200
2020-07-10,sh.600196,49789436,-1.277800,35.5400,36.5400,1786467652.0000,2.475900
2020-07-13,sh.600196,64484253,5.908800,37.6400,37.9700,2387117286.0000,3.206600
2020-07-14,sh.600196,95288153,3.453800,38.9400,40.5000,3736800810.0000,4.738400
2020-07-15,sh.600196,133755653,9.989700,42.8300,42.8300,5628433022.0000,6.651300
2020-07-16,sh.600196,128703138,-9.993000,38.5500,42.8000,5164671894.0000,6.400100
2020-07-17,sh.600196,83549550,4.020800,40.1000,40.8800,3304881064.0000,4.154700
2020-07-20,sh.600196,64985344,2.369100,41.0500,42.2900,2671231505.0000,3.231600
2020-07-21,sh.600196,93048047,7.088900,43.9600,44.6900,4044672021.4900,4.627100
2020-07-22,sh.600196,66769550,-1.569600,43.2700,44.4300,2909209543.0900,3.320300
2020-07-23,sh.600196,136336083,10.006900,47.6000,47.6000,6342945163.2800,6.779700
2020-07-24,sh.600196,162663660,1.092400,48.1200,51.7900,7894234076.6500,8.088900
2020-07-27,sh.600196,93426924,9.995800,52.9300,52.9300,4793831909.2300,4.645900
2020-07-28,sh.600196,188733828,-3.117300,51.2800,56.5000,10042123790.1300,9.385300
2020-07-29,sh.600196,151669264,8.989900,55.8900,56.2800,8189893328.8200,7.542100
2020-07-30,sh.600196,195118604,6.306300,59.0000,61.0500,11465489009.3800,9.702800
2020-07-31,sh.600196,156038138,5.474600,62.2300,62.8000,9308410929.4000,7.759400
2020-08-03,sh.600196,152293713,9.995200,68.4500,68.4500,10023860602.6100,7.573200
2020-08-04,sh.600196,218796503,-1.709300,67.2800,74.5800,15169642845.3800,10.880200
2020-08-05,sh.600196,176791234,10.003000,74.0100,74.0100,12297662820.1800,8.791400
2020-08-06,sh.600196,207143362,2.148400,75.6000,79.1900,15605290863.4400,10.300700
2020-08-07,sh.600196,179363359,-7.804200,69.7000,75.2000,12727049830.4300,8.919300
2020-08-10,sh.600196,156631842,-7.604000,64.4000,68.1000,10311421246.9000,7.788900
2020-08-11,sh.600196,139520858,-3.555900,62.1100,65.9500,8847267537.5200,6.938000
2020-08-12,sh.600196,151484301,-5.715700,58.5600,62.7000,8939593837.2800,7.532900
2020-08-13,sh.600196,136969492,2.544400,60.0500,61.3800,8159746751.5300,6.811200
2020-08-14,sh.600196,107415681,-3.080800,58.2000,59.4700,6206964289.3100,5.341500
2020-08-17,sh.600196,102067326,1.890000,59.3000,60.1400,6006451656.8300,5.075600
2020-08-18,sh.600196,90854904,-1.315300,58.5200,60.4800,5349626382.3600,4.518000
2020-08-19,sh.600196,122035960,-7.365000,54.2100,58.0000,6762366050.7700,6.068500
2020-08-20,sh.600196,76944543,1.180600,54.8500,55.5700,4221966146.0500,3.826300
2020-08-21,sh.600196,71098042,-2.479500,53.4900,55.4800,3859582339.1300,3.535500
2020-08-24,sh.600196,57087586,1.533000,54.3100,54.6500,3080139824.5200,2.838800
2020-08-25,sh.600196,52290993,-2.448900,52.9800,54.6000,2802035867.8200,2.600300
2020-08-26,sh.600196,82959072,0.490800,53.2400,55.0600,4493331439.7400,4.125400
2020-08-27,sh.600196,67608962,-1.051800,52.6800,52.9900,3514005204.7800,3.362000
2020-08-28,sh.600196,120117860,6.738800,56.2300,56.5900,6618168470.3800,5.973200
2020-08-31,sh.600196,72058110,-2.507600,54.8200,56.2500,3971660485.3100,3.583300
2020-09-01,sh.600196,51536785,-2.043000,53.7000,54.6100,2756034356.7300,2.562800
2020-09-02,sh.600196,37064714,-0.744900,53.3000,54.3400,1986091056.8000,1.843100
2020-09-03,sh.600196,46409274,-0.712900,52.9200,54.2800,2489154529.6100,2.307800
2020-09-04,sh.600196,40795501,-0.604700,52.6000,53.0000,2112726688.8900,2.028700
2020-09-07,sh.600196,57193539,-5.171100,49.8800,52.5600,2919096635.8700,2.844100
2020-09-08,sh.600196,35665198,1.283100,50.5200,51.0700,1799483100.0900,1.773500
2020-09-09,sh.600196,51308727,-4.770400,48.1100,49.6900,2501857297.9300,2.551500
2020-09-10,sh.600196,39134008,0.623600,48.4100,49.8800,1924123114.4200,1.946000
2020-09-11,sh.600196,34220010,0.000000,48.4100,49.3700,1665442748.7600,1.701700
2020-09-14,sh.600196,40801316,-1.363400,47.7500,49.2500,1964409673.0300,2.028900
2020-09-15,sh.600196,57340293,4.041900,49.6800,50.3000,2811901855.5400,2.851400
2020-09-16,sh.600196,59342539,-4.991900,47.2000,49.3800,2833414267.6100,2.951000
2020-09-17,sh.600196,41701188,-0.889800,46.7800,47.2600,1934827996.1500,2.073700
2020-09-18,sh.600196,37692072,2.073500,47.7500,48.0900,1788117588.8000,1.874300
2020-09-21,sh.600196,33091855,0.586400,48.0300,48.7000,1587569462.9500,1.645600
2020-09-22,sh.600196,51049105,0.707900,48.3700,49.6000,2492678873.9600,2.538500
2020-09-23,sh.600196,103843377,7.814800,52.1500,52.4200,5254275217.8600,5.163900
2020-09-24,sh.600196,72627433,-1.342300,51.4500,52.4700,3721908937.3800,3.611600
2020-09-25,sh.600196,69416268,1.049600,51.9900,53.7900,3647209701.8900,3.451900
2020-09-28,sh.600196,44352709,-2.769800,50.5500,52.9500,2278233684.7800,2.205600
2020-09-29,sh.600196,39768517,-0.910000,50.0900,50.4300,1976496961.7300,1.977600
2020-09-30,sh.600196,30445775,-1.956500,49.1100,50.5500,1509094577.0400,1.514000
2020-10-09,sh.600196,76667456,9.998000,54.0200,54.0200,4035387315.9200,3.812500
2020-10-12,sh.600196,75141403,2.425000,55.3300,55.9500,4139964903.6300,3.736600
2020-10-13,sh.600196,97838923,6.361800,58.8500,60.5900,5687554763.2700,4.865300
2020-10-14,sh.600196,106872819,1.444400,59.7000,62.5000,6441070814.2200,5.314500
2020-10-15,sh.600196,81584870,0.351800,59.9100,61.0600,4815229147.9200,4.057000
2020-10-16,sh.600196,71657765,2.503800,61.4100,62.2000,4370046487.3300,3.563400
2020-10-19,sh.600196,76260146,-5.455100,58.0600,62.5000,4558884953.3300,3.792200
2020-10-20,sh.600196,46143812,1.446800,58.9000,59.2700,2702053653.3500,2.294600
2020-10-21,sh.600196,63769972,-0.169800,58.8000,61.3500,3823425333.3000,3.171100
2020-10-22,sh.600196,65109077,-5.170100,55.7600,57.5000,3655954949.6100,3.237700
2020-10-23,sh.600196,72635342,-5.398100,52.7500,56.3000,3908126340.2200,3.612000
2020-10-26,sh.600196,40744556,1.573500,53.5800,54.2000,2177477546.7900,2.026100
2020-10-27,sh.600196,30926880,-0.653200,53.2300,53.8000,1641672576.3800,1.537900
2020-10-28,sh.600196,30586393,-0.037600,53.2100,53.7800,1618831466.9700,1.521000
2020-10-29,sh.600196,70527931,5.356100,56.0600,56.0600,3839353643.9200,3.507200
2020-10-30,sh.600196,51609147,-2.996800,54.3800,57.0100,2839322023.0000,2.566400
2020-11-02,sh.600196,41605949,-2.445800,53.0500,54.8800,2199636503.5300,2.069000
2020-11-03,sh.600196,31541308,1.640000,53.9200,54.4400,1688067230.7000,1.568500
2020-11-04,sh.600196,27358548,-1.799000,52.9500,53.9200,1453429770.2500,1.360500
2020-11-05,sh.600196,33231265,-0.207700,52.8400,53.9100,1764001531.1900,1.652500
2020-11-06,sh.600196,77350856,-6.415600,49.4500,52.4500,3853766099.8700,3.846500
2020-11-09,sh.600196,57610678,4.165800,51.5100,52.1500,2939674439.5500,2.864800
2020-11-10,sh.600196,110911787,9.998100,56.6600,56.6600,6266200621.3600,5.515400
2020-11-11,sh.600196,150531738,0.247100,56.8000,60.2000,8373846498.1500,7.485600
2020-11-12,sh.600196,122882102,4.119700,59.1400,61.0000,7289826409.8100,6.110600
2020-11-13,sh.600196,79331363,-3.060500,57.3300,58.5000,4539864861.4600,3.945000
2020-11-16,sh.600196,63529075,0.837300,57.8100,59.3900,3676886479.2600,3.159100
2020-11-17,sh.600196,87784757,-7.628400,53.4000,55.3000,4730194267.6100,4.365300
2020-11-18,sh.600196,60409785,-3.483100,51.5400,53.3000,3136253668.7000,3.004000
2020-11-19,sh.600196,38813887,1.435800,52.2800,52.9600,2032439587.6800,1.930100
2020-11-20,sh.600196,30651771,0.497300,52.5400,52.9500,1605298382.5400,1.524200
2020-11-23,sh.600196,55679971,4.244400,54.7700,54.9400,3027298825.3500,2.768800
2020-11-24,sh.600196,38986036,-3.195200,53.0200,54.1700,2074654331.0600,1.938700
2020-11-25,sh.600196,47728429,0.245200,53.1500,54.2200,2519965918.5700,2.373400
2020-11-26,sh.600196,38884901,-2.935100,51.5900,52.3500,2009426790.8000,1.933700
2020-11-27,sh.600196,27879992,-0.465200,51.3500,51.8500,1425240493.9200,1.386400
2020-11-30,sh.600196,30454957,1.265800,52.0000,52.0000,1569331090.6900,1.514500
2020-12-01,sh.600196,43736102,0.807700,52.4200,53.4500,2314477822.1700,2.174900
2020-12-02,sh.600196,34158193,0.095400,52.4700,53.1500,1790153770.5900,1.698600
2020-12-03,sh.600196,84992532,5.584100,55.4000,55.5200,4649653211.4700,4.226500
2020-12-04,sh.600196,59671231,-0.198600,55.2900,55.8000,3271261417.2100,2.967300
2020-12-07,sh.600196,37223612,-2.188500,54.0800,54.7900,2020577248.8000,1.851000
2020-12-08,sh.600196,26594396,-1.017000,53.5300,54.7800,1433292575.3900,1.322500
2020-12-09,sh.600196,60332625,2.876900,55.0700,55.5500,3292455367.2600,3.000200
2020-12-10,sh.600196,47632001,-0.417700,54.8400,55.2700,2593612511.5700,2.368600
2020-12-11,sh.600196,87344024,3.975200,57.0200,57.3700,4886093980.5300,4.343400
2020-12-14,sh.600196,61761649,-1.385500,56.2300,58.0000,3485407822.1100,3.071300
2020-12-15,sh.600196,49640887,-2.649800,54.7400,56.1000,2735476564.2700,2.468500
2020-12-16,sh.600196,69484663,3.726700,56.7800,57.2600,3913109400.1900,3.455300
2020-12-17,sh.600196,89241771,-0.281800,56.6200,58.9900,5164733235.8200,4.437800
2020-12-18,sh.600196,53144913,-1.254000,55.9100,56.8600,2967383107.8100,2.642800
2020-12-21,sh.600196,53285655,0.804900,56.3600,56.5000,2967095098.5400,2.649800
2020-12-22,sh.600196,88697314,2.430800,57.7300,58.8800,5125434632.1500,4.410700
2020-12-23,sh.600196,59795030,0.259800,57.8800,58.1000,3411397520.6300,2.973500
2020-12-24,sh.600196,51051052,-0.691100,57.4800,58.3300,2944113645.3300,2.538600
2020-12-25,sh.600196,51797347,-3.114100,55.6900,57.4000,2901653589.2500,2.575800
2020-12-28,sh.600196,57895046,-4.632800,53.1100,56.3800,3161326852.8800,2.879000
2020-12-29,sh.600196,47402237,-2.880800,51.5800,52.6000,2447618237.9700,2.357200
2020-12-30,sh.600196,32168056,0.407100,51.7900,52.3800,1667268258.6000,1.599600
2020-12-31,sh.600196,67320585,4.247900,53.9900,56.5000,3627561744.2300,3.347700
2021-01-04,sh.600196,49330507,-1.889200,52.9700,53.1800,2593916728.7600,2.453100
2021-01-05,sh.600196,43452229,-0.698500,52.6000,53.2800,2280909224.8700,2.160800
2021-01-06,sh.600196,53979871,2.300400,53.8100,53.8800,2871710182.4000,2.684300
2021-01-07,sh.600196,43967198,-2.917700,52.2400,53.6700,2306884968.8500,2.186400
2021-01-08,sh.600196,27808284,0.248900,52.3700,52.6600,1453511189.3400,1.382800
2021-01-11,sh.600196,53967602,-4.277300,50.1300,52.3000,2749370882.6800,2.683700
2021-01-12,sh.600196,28870154,1.755400,51.0100,51.2300,1466364346.5600,1.435600
2021-01-13,sh.600196,35982366,-1.725200,50.1300,51.3700,1811062767.7700,1.789300
2021-01-14,sh.600196,34854999,-2.054700,49.1000,50.5800,1718063207.8500,1.733300
2021-01-15,sh.600196,26634663,2.036700,50.1000,50.2000,1323804415.6600,1.324500
2021-01-18,sh.600196,25205873,0.379200,50.2900,50.8000,1259403970.1000,1.253400
2021-01-19,sh.600196,24253311,-0.775500,49.9000,50.3900,1206057435.1700,1.206100
2021-01-20,sh.600196,26142586,0.240500,50.0200,50.4900,1307803239.4300,1.300000
2021-01-21,sh.600196,32181275,0.879600,50.4600,51.2700,1631493100.8600,1.600300
2021-01-22,sh.600196,52851634,2.536700,51.7400,51.8500,2714356526.3500,2.628200
2021-01-25,sh.600196,45066025,-3.150400,50.1100,52.6600,2292182681.5600,2.241000
2021-01-26,sh.600196,30802620,0.039900,50.1300,51.4200,1559162820.8900,1.531700
2021-01-27,sh.600196,34696523,-2.294000,48.9800,49.8400,1695345592.4500,1.725400
2021-01-28,sh.600196,39644100,-5.247000,46.4100,48.4600,1866736781.2500,1.971400
2021-01-29,sh.600196,35121768,-2.025400,45.4700,46.8200,1591877595.2600,1.746500
2021-02-01,sh.600196,27686136,3.122900,46.8900,47.4900,1286374384.8600,1.376800
2021-02-02,sh.600196,33108049,1.514200,47.6000,48.8000,1576969460.3200,1.646400
2021-02-03,sh.600196,30684320,-1.995800,46.6500,48.2900,1451582723.4600,1.525900
2021-02-04,sh.600196,21325927,-1.286200,46.0500,47.4900,991607259.9600,1.060500
2021-02-05,sh.600196,39792579,2.975000,47.4200,48.5300,1896681071.3000,1.978800
2021-02-08,sh.600196,32943416,-2.467300,46.2500,48.2800,1549646451.3500,1.638200
2021-02-09,sh.600196,24628568,1.708100,47.0400,47.4800,1156023259.8200,1.224700
2021-02-10,sh.600196,62446385,6.951500,50.3100,51.1000,3073759592.6700,3.105300
2021-02-18,sh.600196,48984562,-3.796500,48.4000,50.3500,2401093081.7700,2.435900
2021-02-19,sh.600196,31403716,-1.405000,47.7200,48.3000,1486052376.3600,1.561600
2021-02-22,sh.600196,30114712,-1.487800,47.0100,48.1000,1429197741.6400,1.497500
2021-02-23,sh.600196,27174615,-0.319100,46.8600,47.6800,1269285794.8100,1.351300
2021-02-24,sh.600196,27459120,-2.262100,45.8000,46.9500,1265634617.6800,1.365500
2021-02-25,sh.600196,19348348,0.000000,45.8000,46.4500,890779388.4000,0.962100
2021-02-26,sh.600196,20120994,0.524000,46.0400,46.2600,922397470.8100,1.000600
2021-03-01,sh.600196,17006172,0.391000,46.2200,46.4900,783537979.1100,0.845700
2021-03-02,sh.600196,23649664,-2.617900,45.0100,46.2600,1074312618.9700,1.176000
2021-03-03,sh.600196,25452165,-0.622100,44.7300,45.0000,1129605601.3600,1.265700
2021-03-04,sh.600196,32670873,-4.538300,42.7000,44.5000,1415990192.8800,1.624600
2021-03-05,sh.600196,19312937,-0.351300,42.5500,42.9200,816172481.8000,0.960400
2021-03-08,sh.600196,30448643,-5.287900,40.3000,43.2300,1265473153.5300,1.514100
2021-03-09,sh.600196,34856103,-1.513600,39.6900,40.9800,1377978670.9800,1.733300
2021-03-10,sh.600196,23768712,-2.242400,38.8000,40.3000,930762706.3100,1.182000
2021-03-11,sh.600196,19096506,1.726800,39.4700,39.7400,749867751.6100,0.949600
2021-03-12,sh.600196,21639879,0.810700,39.7900,40.4200,860105895.4600,1.076100
2021-03-15,sh.600196,25892278,0.377000,39.9400,40.8000,1041389117.1800,1.287600
2021-03-16,sh.600196,13811400,-0.275400,39.8300,40.2000,547719147.0000,0.686800
2021-03-17,sh.600196,10700480,0.150600,39.8900,39.9900,425152212.0900,0.532100
2021-03-18,sh.600196,16988581,0.727000,40.1800,40.6100,683700308.2700,0.844800
2021-03-19,sh.600196,13134968,-1.319100,39.6500,40.0700,521012318.3000,0.653200
2021-03-22,sh.600196,12455100,0.655700,39.9100,39.9100,494389099.6200,0.619400
2021-03-23,sh.600196,17946516,0.150300,39.9700,40.6500,720688345.2100,0.892400
2021-03-24,sh.600196,36416075,-5.779300,37.6600,39.7200,1384648134.3200,1.810900
2021-03-25,sh.600196,23622222,2.708400,38.6800,38.9600,901522827.5300,1.174700
2021-03-26,sh.600196,16965987,1.241000,39.1600,39.3800,661216474.2100,0.843700
2021-03-29,sh.600196,11544009,-0.102100,39.1200,39.4800,452090642.7900,0.574100
2021-03-30,sh.600196,20543511,0.230100,39.2100,40.1500,812897148.7100,1.021600
2021-03-31,sh.600196,17929566,1.479200,39.7900,40.2700,712215295.3000,0.891600
2021-04-01,sh.600196,13378207,0.904700,40.1500,40.3000,536423778.5100,0.665300
2021-04-02,sh.600196,18035612,1.394800,40.7100,41.3800,737717586.4400,0.896900
2021-04-06,sh.600196,12059172,-0.638700,40.4500,41.1900,487384025.9900,0.599700
2021-04-07,sh.600196,12338452,-0.593300,40.2100,40.2800,494007445.8500,0.613600
2021-04-08,sh.600196,40133852,4.576000,42.0500,42.5400,1676111961.3200,1.995800
2021-04-09,sh.600196,24185949,-3.044000,40.7700,42.1000,995822100.5000,1.202700
2021-04-12,sh.600196,30096229,1.692400,41.4600,42.4300,1257514799.7900,1.496600
2021-04-13,sh.600196,16311283,-0.410000,41.2900,41.9500,675725834.8200,0.811100
2021-04-14,sh.600196,17180267,-0.920300,40.9100,41.7200,704134180.8800,0.854300
2021-04-15,sh.600196,12469579,-0.733300,40.6100,41.2200,506713244.6400,0.620100
2021-04-16,sh.600196,48652220,5.712900,42.9300,43.2500,2067265499.7600,2.419400
2021-04-19,sh.600196,57650788,5.870000,45.4500,46.5500,2623890325.1900,2.866800
2021-04-20,sh.600196,29912145,-2.134200,44.4800,45.3500,1332853868.1200,1.487500
2021-04-21,sh.600196,38956132,3.394800,45.9900,46.3600,1768089977.8600,1.937200
2021-04-22,sh.600196,51400961,0.587100,46.2600,47.7700,2419811178.8000,2.556000
2021-04-23,sh.600196,57692529,4.388200,48.2900,49.4300,2778268334.9200,2.868900
2021-04-26,sh.600196,58004364,2.464300,49.4800,50.8800,2889895860.5400,2.884400
2021-04-27,sh.600196,40364264,-1.616800,48.6800,50.1700,1966979712.9300,2.007200
2021-04-28,sh.600196,105249604,10.004100,53.5500,53.5500,5498734583.1900,5.233800
2021-04-29,sh.600196,93744422,2.259600,54.7600,55.5000,5078018269.5400,4.661700
2021-04-30,sh.600196,107769812,10.007300,60.2400,60.2400,6335682526.4100,5.359100
2021-05-06,sh.600196,162083848,-9.993400,54.2200,57.8300,8920898869.3900,8.060000
2021-05-07,sh.600196,105566349,0.793100,54.6500,55.4900,5756738736.2200,5.249600
2021-05-10,sh.600196,18399149,10.009100,60.1200,60.1200,1106156837.8800,0.914900
2021-05-11,sh.600196,133417111,5.023300,63.1400,65.1300,8404229405.7100,6.634500
2021-05-12,sh.600196,89653951,0.110900,63.2100,64.9600,5617761101.9400,4.458300
2021-05-13,sh.600196,97087768,5.220700,66.5100,68.4500,6320550586.4200,4.827900
2021-05-14,sh.600196,146692960,5.698400,70.3000,73.1600,10362704808.3500,7.294700
2021-05-17,sh.600196,109459368,-0.839300,69.7100,72.4900,7605548032.2600,5.443100
2021-05-18,sh.600196,119061151,-8.334500,63.9000,68.9800,7750130079.2500,5.920600
2021-05-19,sh.600196,96766455,1.721400,65.0000,66.0600,6160012918.2900,4.812000
2021-05-20,sh.600196,64674355,-2.846200,63.1500,65.1000,4113026974.9200,3.216100
2021-05-21,sh.600196,62679708,0.554200,63.5000,65.6200,4024549666.7000,3.116900
2021-05-24,sh.600196,65697791,-1.354300,62.6400,63.9500,4041035929.8100,3.267000
2021-05-25,sh.600196,73918909,2.650100,64.3000,65.8800,4785070994.5400,3.675800
2021-05-26,sh.600196,120529715,8.009300,69.4500,70.5000,8116935404.8300,5.993600
2021-05-27,sh.600196,57810106,-2.822200,67.4900,69.0100,3924945414.3100,2.874800
2021-05-28,sh.600196,71445247,1.866900,68.7500,70.8700,4916196266.6800,3.552800
2021-05-31,sh.600196,61516944,0.945500,69.4000,71.8000,4323495111.8800,3.059100
2021-06-01,sh.600196,45327029,-1.830000,68.1300,69.8000,3096943929.0500,2.254000
2021-06-02,sh.600196,55879844,-1.042100,67.4200,69.1400,3760900406.1300,2.778800
2021-06-03,sh.600196,48281252,-3.589400,65.0000,68.4600,3224023302.5500,2.400900
2021-06-04,sh.600196,46935339,-0.784600,64.4900,65.4900,2993198119.5400,2.334000
2021-06-07,sh.600196,30711658,0.325600,64.7000,65.4100,1982538535.0400,1.527200
2021-06-08,sh.600196,49537661,1.854700,65.9000,67.8900,3290379473.9800,2.463400
2021-06-09,sh.600196,50563422,-4.264000,63.0900,65.5300,3218194030.9600,2.514400
2021-06-10,sh.600196,55430046,3.978400,65.6000,67.0000,3623263793.2700,2.756400
2021-06-11,sh.600196,57784620,3.475600,67.8800,68.5000,3869257298.6300,2.873500
2021-06-15,sh.600196,68214910,-6.658800,63.3600,67.7000,4417670181.3800,3.392200
2021-06-16,sh.600196,41883600,-3.488000,61.1500,64.1800,2607878345.1800,2.082800
2021-06-17,sh.600196,29130428,1.798900,62.2500,63.2400,1804972155.9500,1.448600
2021-06-18,sh.600196,26854060,0.722900,62.7000,63.5700,1682602121.1700,1.335400
2021-06-21,sh.600196,28941203,0.478500,63.0000,63.8800,1818495744.0100,1.439200
2021-06-22,sh.600196,69604173,6.714300,67.2300,68.2600,4584687472.0600,3.461200
2021-06-23,sh.600196,65853709,1.755200,68.4100,70.8500,4552415024.2700,3.274700
2021-06-24,sh.600196,28982907,-0.292400,68.2100,69.2500,1967049605.9600,1.441200
2021-06-25,sh.600196,45003316,-1.759300,67.0100,69.1300,3010894108.5900,2.237900
2021-06-28,sh.600196,87742295,9.998500,73.7100,73.7100,6289465417.4500,4.363200
2021-06-29,sh.600196,51019312,-2.211400,72.0800,73.7800,3690894048.7000,2.537100
2021-06-30,sh.600196,41785968,0.069400,72.1300,74.3900,3034766889.8700,2.077900
2021-07-01,sh.600196,56364394,2.592500,74.0000,75.5000,4188759729.5800,2.802900
2021-07-02,sh.600196,52984142,-2.702700,72.0000,75.6600,3874859013.9400,2.634800
2021-07-05,sh.600196,49603671,0.680600,72.4900,74.8600,3595522586.8000,2.466700
2021-07-06,sh.600196,92142317,-9.642700,65.5000,71.8000,6164036068.3800,4.582000
2021-07-07,sh.600196,43980866,-0.916000,64.9000,65.9500,2847701035.9800,2.187100
2021-07-08,sh.600196,53820387,-3.235700,62.8000,64.8000,3393154973.3000,2.676400
2021-07-09,sh.600196,35880576,1.273900,63.6000,63.9700,2266127555.5200,1.784300
2021-07-12,sh.600196,45481184,2.515700,65.2000,66.2800,2970776897.9700,2.261700
2021-07-13,sh.600196,27789653,-1.027600,64.5300,65.5000,1786472972.9200,1.381900
2021-07-14,sh.600196,31424007,0.464900,64.8300,66.0000,2045068158.7100,1.562600
2021-07-15,sh.600196,69047942,6.540200,69.0700,69.8000,4713046159.8300,3.433600
2021-07-16,sh.600196,76210163,6.761300,73.7400,75.1500,5521185024.5300,3.789700
2021-07-19,sh.600196,55496234,1.964300,74.7500,75.8000,4144379095.7600,2.759700
2021-07-20,sh.600196,53850509,0.628800,75.2200,77.7400,4081502264.2600,2.677900
2021-07-21,sh.600196,94662747,9.013600,82.0000,82.7400,7532600243.6100,4.707300
2021-07-22,sh.600196,72156108,-5.122000,77.8000,81.9000,5682955558.4100,3.588100
2021-07-23,sh.600196,48134952,0.000000,77.8000,80.9900,3789819877.1000,2.393600
2021-07-26,sh.600196,82232482,-8.740400,71.0000,77.9900,5961429811.3400,4.089200
2021-07-27,sh.600196,51179729,-3.098600,68.8000,72.7500,3623134662.3600,2.545000
2021-07-28,sh.600196,57636236,2.252900,70.3500,71.1600,3952864100.0800,2.866100
2021-07-29,sh.600196,60701533,6.254400,74.7500,75.6000,4508459841.7900,3.018500
2021-07-30,sh.600196,85224425,9.538500,81.8800,82.0600,6670541689.8200,4.238000
2021-08-02,sh.600196,74300668,0.622900,82.3900,84.7800,6095692059.7400,3.694800
2021-08-03,sh.600196,84623545,5.243400,86.7100,88.8800,7245794911.3900,4.208100
2021-08-04,sh.600196,72426016,0.795800,87.4000,88.8000,6308423619.9800,3.601600
2021-08-05,sh.600196,60219393,-0.148700,87.2700,91.6900,5348193137.0000,2.994600
2021-08-06,sh.600196,103118530,-8.525300,79.8300,84.0000,8246148826.7800,5.127800
2021-08-09,sh.600196,75302753,-4.421900,76.3000,77.3900,5687220471.4000,3.744600
2021-08-10,sh.600196,50441153,1.022300,77.0800,79.1600,3913538678.4000,2.508300
2021-08-11,sh.600196,73521753,-5.993800,72.4600,76.7400,5385403966.7900,3.656100
2021-08-12,sh.600196,70413853,3.367400,74.9000,75.0600,5102062355.8000,3.501500
2021-08-13,sh.600196,51747682,-4.205600,71.7500,74.2200,3739643021.6700,2.573300
2021-08-16,sh.600196,38502526,-2.132400,70.2200,72.3000,2728938820.2900,1.914600
2021-08-17,sh.600196,59871229,-5.724900,66.2000,70.9000,4063218191.5700,2.977200
2021-08-18,sh.600196,31009759,1.178200,66.9800,68.3000,2085385382.1100,1.542000
2021-08-19,sh.600196,34296193,0.776400,67.5000,69.1000,2323309436.5400,1.705500
2021-08-20,sh.600196,63910442,-6.029600,63.4300,66.5000,4084020467.2600,3.178100
2021-08-23,sh.600196,57306825,7.898500,68.4400,68.4500,3793916720.3300,2.849700
2021-08-24,sh.600196,47294464,-0.818200,67.8800,70.8900,3277164684.4600,2.351800
2021-08-25,sh.600196,46977933,3.506200,70.2600,71.7400,3278805678.2300,2.336100
2021-08-26,sh.600196,41876830,-5.892400,66.1200,69.2000,2824058312.1900,2.082400
2021-08-27,sh.600196,31943723,1.255300,66.9500,67.5300,2119599018.9100,1.588500
2021-08-30,sh.600196,33911645,-3.390600,64.6800,66.2400,2197923214.3500,1.686300
2021-08-31,sh.600196,31546163,-2.133600,63.3000,64.7000,2000113270.6600,1.568700
2021-09-01,sh.600196,36756384,0.568700,63.6600,65.0000,2338286480.8300,1.827800
2021-09-02,sh.600196,30632686,-2.309100,62.1900,64.8600,1926645750.5100,1.523300
2021-09-03,sh.600196,27831230,0.659300,62.6000,63.3000,1733298883.7800,1.384000
2021-09-06,sh.600196,38093678,3.258800,64.6400,65.5000,2447935098.3000,1.894300
2021-09-07,sh.600196,31161677,-1.299500,63.8000,64.4400,1978614142.5200,1.549600
2021-09-08,sh.600196,28250503,0.611300,64.1900,65.1700,1816903382.9000,1.404800
2021-09-09,sh.600196,27332379,-2.554900,62.5500,64.5900,1722702457.5400,1.359200
2021-09-10,sh.600196,21186244,0.223800,62.6900,63.0000,1322868525.3900,1.053500
2021-09-13,sh.600196,30961291,1.674900,63.7400,65.0600,1982242833.5000,1.539600
2021-09-14,sh.600196,22950902,-1.145300,63.0100,64.3800,1456579211.1500,1.141300
2021-09-15,sh.600196,55217800,-5.792700,59.3600,63.0100,3310907003.3000,2.745800
2021-09-16,sh.600196,35264944,-3.116600,57.5100,59.2800,2051361839.7300,1.753600
2021-09-17,sh.600196,33435365,2.069200,58.7000,59.4200,1945421657.1300,1.662700
2021-09-22,sh.600196,26105281,-2.845000,57.0300,58.6400,1494584495.9700,1.298200
2021-09-23,sh.600196,22482923,-0.035100,57.0100,57.9500,1288515278.0200,1.118000
2021-09-24,sh.600196,22708405,0.543800,57.3200,57.8500,1301477779.0900,1.129200
2021-09-27,sh.600196,42759140,3.541500,59.3500,59.3700,2493398324.4400,2.126300
2021-09-28,sh.600196,28730605,-4.128100,56.9000,58.4000,1650924050.5800,1.428700
2021-09-29,sh.600196,54048224,-8.523700,52.0500,56.0900,2876570521.1300,2.687700
2021-09-30,sh.600196,31594822,0.480300,52.3000,53.2300,1659677554.8200,1.571100
2021-10-08,sh.600196,42648830,-1.529600,51.5000,52.2200,2182824822.2400,2.120800
2021-10-11,sh.600196,24203870,0.213600,51.6100,52.4700,1253799208.9900,1.203600
2021-10-12,sh.600196,20678590,-1.957000,50.6000,51.8900,1048968602.2200,1.028300
2021-10-13,sh.600196,19765209,0.731200,50.9700,51.0000,994665989.6200,0.982900
2021-10-14,sh.600196,13902404,-0.333500,50.8000,51.3500,706650635.5200,0.691300
2021-10-15,sh.600196,19346959,-0.728300,50.4300,51.3800,976570744.5700,0.962100
2021-10-18,sh.600196,19313421,-0.257800,50.3000,50.6600,967948416.5700,0.960400
2021-10-19,sh.600196,39833599,3.141200,51.8800,52.5500,2061948598.6300,1.980800
2021-10-20,sh.600196,30333669,0.790300,52.2900,53.3000,1581151040.1500,1.508400
2021-10-21,sh.600196,25662039,-2.773000,50.8400,52.6900,1319434369.3000,1.276100
2021-10-22,sh.600196,26340163,2.144000,51.9300,52.6000,1368152770.2500,1.309800
2021-10-25,sh.600196,20769282,-1.232400,51.2900,52.4500,1066066684.4900,1.032800
2021-10-26,sh.600196,17154446,-0.740900,50.9100,51.9400,878417631.6600,0.853000
2021-10-27,sh.600196,23944836,-2.317800,49.7300,51.3900,1200108751.6200,1.190700
2021-10-28,sh.600196,18005608,-0.020100,49.7200,50.2500,896071898.0400,0.895400
2021-10-29,sh.600196,24972832,0.563200,50.0000,50.1600,1228650410.0600,1.241800
2021-11-01,sh.600196,18592020,0.060000,50.0300,50.3300,929370938.6600,0.924500
2021-11-02,sh.600196,35070026,-4.877100,47.5900,49.9400,1699773740.0900,1.743900
2021-11-03,sh.600196,50405237,5.043100,49.9900,51.5400,2520407345.9900,2.506500
2021-11-04,sh.600196,29991870,-0.580100,49.7000,49.9400,1478362590.6700,1.491400
2021-11-05,sh.600196,35520350,0.402400,49.9000,51.4800,1787433574.5700,1.766300
2021-11-08,sh.600196,47095067,-4.008000,47.9000,48.7700,2229493947.0900,2.341900
2021-11-09,sh.600196,24523219,1.148200,48.4500,49.6000,1195208665.1400,1.219500
2021-11-10,sh.600196,58671471,5.118700,50.9300,51.4400,2932108336.3500,2.917600
2021-11-11,sh.600196,35086060,-1.943800,49.9400,50.5000,1749114459.5800,1.744700
2021-11-12,sh.600196,21997881,-0.020000,49.9300,50.4300,1100471703.4900,1.093900
2021-11-15,sh.600196,50096374,3.945500,51.9000,51.9800,2570205828.2700,2.491200
2021-11-16,sh.600196,69921528,5.279400,54.6400,54.7200,3745647087.2300,3.477000
2021-11-17,sh.600196,39853227,-0.750400,54.2300,54.6300,2147466976.7900,1.981800
2021-11-18,sh.600196,36703614,0.202800,54.3400,55.5800,1988849637.3900,1.825200
2021-11-19,sh.600196,30372345,-0.349700,54.1500,55.4800,1657835176.5400,1.510300
2021-11-22,sh.600196,39985624,-3.231800,52.4000,53.6000,2095898416.8000,1.988400
2021-11-23,sh.600196,24377103,0.534400,52.6800,53.0800,1280625666.0000,1.212200
2021-11-24,sh.600196,23614594,-1.006100,52.1500,52.8700,1234929357.4800,1.174300
2021-11-25,sh.600196,29014970,1.246400,52.8000,53.4500,1526801600.9400,1.442800
2021-11-26,sh.600196,25964272,0.000000,52.8000,53.3800,1372281419.8000,1.291100
2021-11-29,sh.600196,70724540,4.356100,55.1000,56.9000,3912137749.1100,3.517000
2021-11-30,sh.600196,56847773,1.633400,56.0000,56.0400,3109071604.3400,2.826900
